category,product_type,schemes,scheme_count,missing_schemes,unusual_schemes,min_fee,max_fee,spread,source_file,valid_from,flags
Авто / Спецтехника / Строительная техника / Автобетоносмесители и бетононасосы,Автобетоносмесители и бетононасосы,"DBS=0.5%, EXPRESS=0.5%, FBS=0.5%, FBY=0.5%",4,,,0.5,0.5,0.0,20260426_141844_marketplace-services-rates-01-04-2026.xlsx,2026-04-01,LOW_FEE_5_OR_LESS
Авто / Спецтехника / Строительная техника / Автокраны,Автокраны,"DBS=0.5%, EXPRESS=0.5%, FBS=0.5%, FBY=0.5%",4,,,0.5,0.5,0.0,20260426_141844_marketplace-services-rates-01-04-2026.xlsx,2026-04-01,LOW_FEE_5_OR_LESS
Авто / Транспорт / Автомобили,Автомобили,"DBS=0.5%, EXPRESS=0.5%, FBS=0.5%, FBY=0.5%",4,,,0.5,0.5,0.0,20260426_141844_marketplace-services-rates-01-04-2026.xlsx,2026-04-01,LOW_FEE_5_OR_LESS
Авто / Спецтехника / Коммунальная техника / Ассенизационные машины,Ассенизационные машины,"DBS=0.5%, EXPRESS=0.5%, FBS=0.5%, FBY=0.5%",4,,,0.5,0.5,0.0,20260426_141844_marketplace-services-rates-01-04-2026.xlsx,2026-04-01,LOW_FEE_5_OR_LESS
Авто / Спецтехника / Строительная техника / Бульдозеры,Бульдозеры,"DBS=0.5%, EXPRESS=0.5%, FBS=0.5%, FBY=0.5%",4,,,0.5,0.5,0.0,20260426_141844_marketplace-services-rates-01-04-2026.xlsx,2026-04-01,LOW_FEE_5_OR_LESS
Авто / Спецтехника / Коммунальная техника / Вакуумные машины,Вакуумные машины,"DBS=0.5%, EXPRESS=0.5%, FBS=0.5%, FBY=0.5%",4,,,0.5,0.5,0.0,20260426_141844_marketplace-services-rates-01-04-2026.xlsx,2026-04-01,LOW_FEE_5_OR_LESS
Авто / Спецтехника / Строительная техника / Виброкатки,Виброкатки,"DBS=0.5%, EXPRESS=0.5%, FBS=0.5%, FBY=0.5%",4,,,0.5,0.5,0.0,20260426_141844_marketplace-services-rates-01-04-2026.xlsx,2026-04-01,LOW_FEE_5_OR_LESS
Авто / Спецтехника / Строительная техника / Грейдеры,Грейдеры,"DBS=0.5%, EXPRESS=0.5%, FBS=0.5%, FBY=0.5%",4,,,0.5,0.5,0.0,20260426_141844_marketplace-services-rates-01-04-2026.xlsx,2026-04-01,LOW_FEE_5_OR_LESS
Авто / Спецтехника / Коммунальная техника / Измельчители пней,Измельчители пней,"DBS=0.5%, EXPRESS=0.5%, FBS=0.5%, FBY=0.5%",4,,,0.5,0.5,0.0,20260426_141844_marketplace-services-rates-01-04-2026.xlsx,2026-04-01,LOW_FEE_5_OR_LESS
Авто / Спецтехника / Коммунальная техника / Илососные машины,Илососные машины,"DBS=0.5%, EXPRESS=0.5%, FBS=0.5%, FBY=0.5%",4,,,0.5,0.5,0.0,20260426_141844_marketplace-services-rates-01-04-2026.xlsx,2026-04-01,LOW_FEE_5_OR_LESS
Авто / Спецтехника / Коммунальная техника / Каналоочистительные машины,Каналоочистительные машины,"DBS=0.5%, EXPRESS=0.5%, FBS=0.5%, FBY=0.5%",4,,,0.5,0.5,0.0,20260426_141844_marketplace-services-rates-01-04-2026.xlsx,2026-04-01,LOW_FEE_5_OR_LESS
Авто / Спецтехника / Коммунальная техника / Мусоровозы,Мусоровозы,"DBS=0.5%, EXPRESS=0.5%, FBS=0.5%, FBY=0.5%",4,,,0.5,0.5,0.0,20260426_141844_marketplace-services-rates-01-04-2026.xlsx,2026-04-01,LOW_FEE_5_OR_LESS
Авто / Спецтехника / Погрузчики,Погрузчики,"DBS=0.5%, EXPRESS=0.5%, FBS=0.5%, FBY=0.5%",4,,,0.5,0.5,0.0,20260426_141844_marketplace-services-rates-01-04-2026.xlsx,2026-04-01,LOW_FEE_5_OR_LESS
Авто / Спецтехника / Коммунальная техника / Поливомоечные машины,Поливомоечные машины,"DBS=0.5%, EXPRESS=0.5%, FBS=0.5%, FBY=0.5%",4,,,0.5,0.5,0.0,20260426_141844_marketplace-services-rates-01-04-2026.xlsx,2026-04-01,LOW_FEE_5_OR_LESS
Авто / Транспорт / Прицепы / Прицепы автомобильные,Прицепы автомобильные,"DBS=0.5%, EXPRESS=0.5%, FBS=0.5%, FBY=0.5%",4,,,0.5,0.5,0.0,20260426_141844_marketplace-services-rates-01-04-2026.xlsx,2026-04-01,LOW_FEE_5_OR_LESS
Авто / Спецтехника / Коммунальная техника / Снегоуборочные машины,Снегоуборочные машины,"DBS=0.5%, EXPRESS=0.5%, FBS=0.5%, FBY=0.5%",4,,,0.5,0.5,0.0,20260426_141844_marketplace-services-rates-01-04-2026.xlsx,2026-04-01,LOW_FEE_5_OR_LESS
Авто / Спецтехника / Строительная техника,Строительная техника,"DBS=0.5%, EXPRESS=0.5%, FBS=0.5%, FBY=0.5%",4,,,0.5,0.5,0.0,20260426_141844_marketplace-services-rates-01-04-2026.xlsx,2026-04-01,LOW_FEE_5_OR_LESS
Авто / Спецтехника / Коммунальная техника / Траншеекопатели,Траншеекопатели,"DBS=0.5%, EXPRESS=0.5%, FBS=0.5%, FBY=0.5%",4,,,0.5,0.5,0.0,20260426_141844_marketplace-services-rates-01-04-2026.xlsx,2026-04-01,LOW_FEE_5_OR_LESS
Авто / Спецтехника / Строительная техника / Экскаваторы,Экскаваторы,"DBS=0.5%, EXPRESS=0.5%, FBS=0.5%, FBY=0.5%",4,,,0.5,0.5,0.0,20260426_141844_marketplace-services-rates-01-04-2026.xlsx,2026-04-01,LOW_FEE_5_OR_LESS
Строительство и ремонт / Материалы / Строительные материалы / Строительные смеси / Цемент и основы смесей / Пескобетон,Пескобетон,"DBS=4.5%, EXPRESS=2.5%, FBS=9.5%, FBY=2.5%",4,,,2.5,9.5,7.0,20260426_141844_marketplace-services-rates-01-04-2026.xlsx,2026-04-01,LOW_FEE_5_OR_LESS
"Аптека / Лекарственные препараты / Анестезия, растворители и контрастные вещества","Анестезия, растворители и контрастные вещества","DBS=3%, EXPRESS=3%, FBS=3%, FBY=3%",4,,,3.0,3.0,0.0,20260426_141844_marketplace-services-rates-01-04-2026.xlsx,2026-04-01,LOW_FEE_5_OR_LESS
"Аптека / Лекарственные препараты / Антибиотики, противомикробные и противопаразитарные средства","Антибиотики, противомикробные и противопаразитарные средства","DBS=3%, EXPRESS=3%, FBS=3%, FBY=3%",4,,,3.0,3.0,0.0,20260426_141844_marketplace-services-rates-01-04-2026.xlsx,2026-04-01,LOW_FEE_5_OR_LESS
Аптека / Лекарственные препараты / Борьба с вредными привычками,Борьба с вредными привычками,"DBS=3%, EXPRESS=3%, FBS=3%, FBY=3%",4,,,3.0,3.0,0.0,20260426_141844_marketplace-services-rates-01-04-2026.xlsx,2026-04-01,LOW_FEE_5_OR_LESS
"Аптека / Лекарственные препараты / Вакцины, сыворотки, фаги, токсины","Вакцины, сыворотки, фаги, токсины","DBS=3%, EXPRESS=3%, FBS=3%, FBY=3%",4,,,3.0,3.0,0.0,20260426_141844_marketplace-services-rates-01-04-2026.xlsx,2026-04-01,LOW_FEE_5_OR_LESS
Авто / Мототехника / Скутеры / Гольф-кары,Гольф-кары,"DBS=8%, EXPRESS=3%, FBS=8%, FBY=3%",4,,,3.0,8.0,5.0,20260426_141844_marketplace-services-rates-01-04-2026.xlsx,2026-04-01,LOW_FEE_5_OR_LESS
Авто / Мототехника / Мотоциклы / Квадроциклы,Квадроциклы,"DBS=8%, EXPRESS=3%, FBS=8%, FBY=3%",4,,,3.0,8.0,5.0,20260426_141844_marketplace-services-rates-01-04-2026.xlsx,2026-04-01,LOW_FEE_5_OR_LESS
Аптека / Лекарственные витамины,Лекарственные витамины,"DBS=3%, EXPRESS=3%, FBS=3%, FBY=3%",4,,,3.0,3.0,0.0,20260426_141844_marketplace-services-rates-01-04-2026.xlsx,2026-04-01,LOW_FEE_5_OR_LESS
Аптека / Лекарственные препараты,Лекарственные препараты,"DBS=3%, EXPRESS=3%, FBS=3%, FBY=3%",4,,,3.0,3.0,0.0,20260426_141844_marketplace-services-rates-01-04-2026.xlsx,2026-04-01,LOW_FEE_5_OR_LESS
Авто / Мототехника / Скутеры / Мопеды,Мопеды,"DBS=8%, EXPRESS=3%, FBS=8%, FBY=3%",4,,,3.0,8.0,5.0,20260426_141844_marketplace-services-rates-01-04-2026.xlsx,2026-04-01,LOW_FEE_5_OR_LESS
Авто / Мототехника / Мотоциклы / Мототехника,Мототехника,"DBS=8%, EXPRESS=3%, FBS=8%, FBY=3%",4,,,3.0,8.0,5.0,20260426_141844_marketplace-services-rates-01-04-2026.xlsx,2026-04-01,LOW_FEE_5_OR_LESS
Авто / Мототехника / Мотоциклы,Мотоциклы,"DBS=8%, EXPRESS=3%, FBS=8%, FBY=3%",4,,,3.0,8.0,5.0,20260426_141844_marketplace-services-rates-01-04-2026.xlsx,2026-04-01,LOW_FEE_5_OR_LESS
Аптека / Лекарственные препараты / Мочеполовая система и половые гормоны,Мочеполовая система и половые гормоны,"DBS=3%, EXPRESS=3%, FBS=3%, FBY=3%",4,,,3.0,3.0,0.0,20260426_141844_marketplace-services-rates-01-04-2026.xlsx,2026-04-01,LOW_FEE_5_OR_LESS
Аптека / Лекарственные препараты / Противоопухолевые препараты и иммуномодуляторы,Противоопухолевые препараты и иммуномодуляторы,"DBS=3%, EXPRESS=3%, FBS=3%, FBY=3%",4,,,3.0,3.0,0.0,20260426_141844_marketplace-services-rates-01-04-2026.xlsx,2026-04-01,LOW_FEE_5_OR_LESS
Аптека / Лекарственные препараты / Системные гормональные препараты,Системные гормональные препараты,"DBS=3%, EXPRESS=3%, FBS=3%, FBY=3%",4,,,3.0,3.0,0.0,20260426_141844_marketplace-services-rates-01-04-2026.xlsx,2026-04-01,LOW_FEE_5_OR_LESS
Авто / Мототехника / Скутеры,Скутеры,"DBS=8%, EXPRESS=3%, FBS=8%, FBY=3%",4,,,3.0,8.0,5.0,20260426_141844_marketplace-services-rates-01-04-2026.xlsx,2026-04-01,LOW_FEE_5_OR_LESS
Авто / Мототехника / Скутеры / Скутеры,Скутеры,"DBS=8%, EXPRESS=3%, FBS=8%, FBY=3%",4,,,3.0,8.0,5.0,20260426_141844_marketplace-services-rates-01-04-2026.xlsx,2026-04-01,LOW_FEE_5_OR_LESS
Авто / Мототехника / Скутеры / Скутеры / Скутеры,Скутеры,"DBS=8%, EXPRESS=3%, FBS=8%, FBY=3%",4,,,3.0,8.0,5.0,20260426_141844_marketplace-services-rates-01-04-2026.xlsx,2026-04-01,LOW_FEE_5_OR_LESS
Авто / Мототехника / Снегоходы,Снегоходы,"DBS=8%, EXPRESS=3%, FBS=8%, FBY=3%",4,,,3.0,8.0,5.0,20260426_141844_marketplace-services-rates-01-04-2026.xlsx,2026-04-01,LOW_FEE_5_OR_LESS
Авто / Мототехника / Снегоходы / Снегоходы,Снегоходы,"DBS=8%, EXPRESS=3%, FBS=8%, FBY=3%",4,,,3.0,8.0,5.0,20260426_141844_marketplace-services-rates-01-04-2026.xlsx,2026-04-01,LOW_FEE_5_OR_LESS
Аптека / Лекарственные препараты / Средства для вен,Средства для вен,"DBS=3%, EXPRESS=3%, FBS=3%, FBY=3%",4,,,3.0,3.0,0.0,20260426_141844_marketplace-services-rates-01-04-2026.xlsx,2026-04-01,LOW_FEE_5_OR_LESS
Аптека / Лекарственные препараты / Средства для глаз и ушей,Средства для глаз и ушей,"DBS=3%, EXPRESS=3%, FBS=3%, FBY=3%",4,,,3.0,3.0,0.0,20260426_141844_marketplace-services-rates-01-04-2026.xlsx,2026-04-01,LOW_FEE_5_OR_LESS
Аптека / Лекарственные препараты / Средства для зубов и полости рта,Средства для зубов и полости рта,"DBS=3%, EXPRESS=3%, FBS=3%, FBY=3%",4,,,3.0,3.0,0.0,20260426_141844_marketplace-services-rates-01-04-2026.xlsx,2026-04-01,LOW_FEE_5_OR_LESS
Аптека / Лекарственные препараты / Средства для кожи,Средства для кожи,"DBS=3%, EXPRESS=3%, FBS=3%, FBY=3%",4,,,3.0,3.0,0.0,20260426_141844_marketplace-services-rates-01-04-2026.xlsx,2026-04-01,LOW_FEE_5_OR_LESS
Аптека / Лекарственные препараты / Средства для нервной системы,Средства для нервной системы,"DBS=3%, EXPRESS=3%, FBS=3%, FBY=3%",4,,,3.0,3.0,0.0,20260426_141844_marketplace-services-rates-01-04-2026.xlsx,2026-04-01,LOW_FEE_5_OR_LESS
Аптека / Лекарственные препараты / Средства для пищеварения,Средства для пищеварения,"DBS=3%, EXPRESS=3%, FBS=3%, FBY=3%",4,,,3.0,3.0,0.0,20260426_141844_marketplace-services-rates-01-04-2026.xlsx,2026-04-01,LOW_FEE_5_OR_LESS
Аптека / Лекарственные препараты / Средства для сердца и сосудов,Средства для сердца и сосудов,"DBS=3%, EXPRESS=3%, FBS=3%, FBY=3%",4,,,3.0,3.0,0.0,20260426_141844_marketplace-services-rates-01-04-2026.xlsx,2026-04-01,LOW_FEE_5_OR_LESS
Аптека / Лекарственные препараты / Средства для щитовидной железы,Средства для щитовидной железы,"DBS=3%, EXPRESS=3%, FBS=3%, FBY=3%",4,,,3.0,3.0,0.0,20260426_141844_marketplace-services-rates-01-04-2026.xlsx,2026-04-01,LOW_FEE_5_OR_LESS
Аптека / Лекарственные препараты / Средства от аллергии,Средства от аллергии,"DBS=3%, EXPRESS=3%, FBS=3%, FBY=3%",4,,,3.0,3.0,0.0,20260426_141844_marketplace-services-rates-01-04-2026.xlsx,2026-04-01,LOW_FEE_5_OR_LESS
Аптека / Лекарственные препараты / Средства от астмы,Средства от астмы,"DBS=3%, EXPRESS=3%, FBS=3%, FBY=3%",4,,,3.0,3.0,0.0,20260426_141844_marketplace-services-rates-01-04-2026.xlsx,2026-04-01,LOW_FEE_5_OR_LESS
Аптека / Лекарственные препараты / Средства от грибка,Средства от грибка,"DBS=3%, EXPRESS=3%, FBS=3%, FBY=3%",4,,,3.0,3.0,0.0,20260426_141844_marketplace-services-rates-01-04-2026.xlsx,2026-04-01,LOW_FEE_5_OR_LESS
Аптека / Лекарственные препараты / Средства от гриппа и простуды,Средства от гриппа и простуды,"DBS=3%, EXPRESS=3%, FBS=3%, FBY=3%",4,,,3.0,3.0,0.0,20260426_141844_marketplace-services-rates-01-04-2026.xlsx,2026-04-01,LOW_FEE_5_OR_LESS
Аптека / Лекарственные препараты / Средства от сахарного диабета,Средства от сахарного диабета,"DBS=3%, EXPRESS=3%, FBS=3%, FBY=3%",4,,,3.0,3.0,0.0,20260426_141844_marketplace-services-rates-01-04-2026.xlsx,2026-04-01,LOW_FEE_5_OR_LESS
"Аптека / Лекарственные препараты / Средства от травм, боли в мышцах и суставах","Средства от травм, боли в мышцах и суставах","DBS=3%, EXPRESS=3%, FBS=3%, FBY=3%",4,,,3.0,3.0,0.0,20260426_141844_marketplace-services-rates-01-04-2026.xlsx,2026-04-01,LOW_FEE_5_OR_LESS
Авто / Мототехника / Мотоциклы / Трициклы,Трициклы,"DBS=8%, EXPRESS=3%, FBS=8%, FBY=3%",4,,,3.0,8.0,5.0,20260426_141844_marketplace-services-rates-01-04-2026.xlsx,2026-04-01,LOW_FEE_5_OR_LESS
"Строительство и ремонт / Двери, окна и скобяные изделия / Готовые конструкции",Готовые конструкции,"DBS=3.5%, EXPRESS=13.5%, FBS=20.5%, FBY=13.5%",4,,,3.5,20.5,17.0,20260426_141844_marketplace-services-rates-01-04-2026.xlsx,2026-04-01,LOW_FEE_5_OR_LESS
"Строительство и ремонт / Двери, окна и скобяные изделия / Готовые конструкции / Дома готовые",Дома готовые,"DBS=3.5%, EXPRESS=13.5%, FBS=20.5%, FBY=13.5%",4,,,3.5,20.5,17.0,20260426_141844_marketplace-services-rates-01-04-2026.xlsx,2026-04-01,LOW_FEE_5_OR_LESS
"Товары для красоты / Косметика, парфюмерия и уход / Уход за телом / Загар и защита от солнца / Автозагар и средства для солярия",Автозагар и средства для солярия,"DBS=12%, EXPRESS=5%, FBS=12%, FBY=5%",4,,,5.0,12.0,7.0,20260426_141844_marketplace-services-rates-01-04-2026.xlsx,2026-04-01,LOW_FEE_5_OR_LESS
"Товары для красоты / Косметика, парфюмерия и уход / Уход за ногтями / Наращивание ногтей / Акриловая система",Акриловая система,"DBS=12%, EXPRESS=5%, FBS=12%, FBY=5%",4,,,5.0,12.0,7.0,20260426_141844_marketplace-services-rates-01-04-2026.xlsx,2026-04-01,LOW_FEE_5_OR_LESS
"Товары для красоты / Косметика, парфюмерия и уход / Ароматерапия / Аксессуары",Аксессуары,"DBS=12%, EXPRESS=5%, FBS=12%, FBY=5%",4,,,5.0,12.0,7.0,20260426_141844_marketplace-services-rates-01-04-2026.xlsx,2026-04-01,LOW_FEE_5_OR_LESS
"Товары для красоты / Косметика, парфюмерия и уход / Макияж / Аксессуары",Аксессуары,"DBS=12%, EXPRESS=5%, FBS=12%, FBY=5%",4,,,5.0,12.0,7.0,20260426_141844_marketplace-services-rates-01-04-2026.xlsx,2026-04-01,LOW_FEE_5_OR_LESS
"Товары для красоты / Косметика, парфюмерия и уход / Уход за лицом / Аксессуары",Аксессуары,"DBS=12%, EXPRESS=5%, FBS=12%, FBY=5%",4,,,5.0,12.0,7.0,20260426_141844_marketplace-services-rates-01-04-2026.xlsx,2026-04-01,LOW_FEE_5_OR_LESS
"Товары для красоты / Косметика, парфюмерия и уход / Уход за телом / Аксессуары",Аксессуары,"DBS=12%, EXPRESS=5%, FBS=12%, FBY=5%",4,,,5.0,12.0,7.0,20260426_141844_marketplace-services-rates-01-04-2026.xlsx,2026-04-01,LOW_FEE_5_OR_LESS
"Товары для красоты / Косметика, парфюмерия и уход / Уход за волосами / Бигуди / Аксессуары для бигуди",Аксессуары для бигуди,"DBS=12%, EXPRESS=5%, FBS=12%, FBY=5%",4,,,5.0,12.0,7.0,20260426_141844_marketplace-services-rates-01-04-2026.xlsx,2026-04-01,LOW_FEE_5_OR_LESS
"Товары для красоты / Косметика, парфюмерия и уход / Уход за лицом / Аксессуары / Аксессуары для косметических масок",Аксессуары для косметических масок,"DBS=12%, EXPRESS=5%, FBS=12%, FBY=5%",4,,,5.0,12.0,7.0,20260426_141844_marketplace-services-rates-01-04-2026.xlsx,2026-04-01,LOW_FEE_5_OR_LESS
"Товары для красоты / Косметика, парфюмерия и уход / Макияж / Аксессуары / Ресницы и клей / Аксессуары для ламинирования ресниц",Аксессуары для ламинирования ресниц,"DBS=12%, EXPRESS=5%, FBS=12%, FBY=5%",4,,,5.0,12.0,7.0,20260426_141844_marketplace-services-rates-01-04-2026.xlsx,2026-04-01,LOW_FEE_5_OR_LESS
"Товары для красоты / Косметика, парфюмерия и уход / Макияж / Аксессуары / Мелочи для макияжа / Аксессуары для макияжа",Аксессуары для макияжа,"DBS=12%, EXPRESS=5%, FBS=12%, FBY=5%",4,,,5.0,12.0,7.0,20260426_141844_marketplace-services-rates-01-04-2026.xlsx,2026-04-01,LOW_FEE_5_OR_LESS
"Товары для красоты / Косметика, парфюмерия и уход / Уход за ногтями / Аксессуары для маникюра и педикюра",Аксессуары для маникюра и педикюра,"DBS=12%, EXPRESS=5%, FBS=12%, FBY=5%",4,,,5.0,12.0,7.0,20260426_141844_marketplace-services-rates-01-04-2026.xlsx,2026-04-01,LOW_FEE_5_OR_LESS
"Товары для красоты / Косметика, парфюмерия и уход / Уход за ногтями / Аксессуары для маникюра и педикюра / Аксессуары для маникюра и педикюра",Аксессуары для маникюра и педикюра,"DBS=12%, EXPRESS=5%, FBS=12%, FBY=5%",4,,,5.0,12.0,7.0,20260426_141844_marketplace-services-rates-01-04-2026.xlsx,2026-04-01,LOW_FEE_5_OR_LESS
"Товары для красоты / Косметика, парфюмерия и уход / Мужчинам / Бритвы и лезвия / Аксессуары для мужских бритв",Аксессуары для мужских бритв,"DBS=12%, EXPRESS=5%, FBS=12%, FBY=5%",4,,,5.0,12.0,7.0,20260426_141844_marketplace-services-rates-01-04-2026.xlsx,2026-04-01,LOW_FEE_5_OR_LESS
"Товары для красоты / Косметика, парфюмерия и уход / Макияж / Аксессуары / Ресницы и клей / Аксессуары для наращивания ресниц",Аксессуары для наращивания ресниц,"DBS=12%, EXPRESS=5%, FBS=12%, FBY=5%",4,,,5.0,12.0,7.0,20260426_141844_marketplace-services-rates-01-04-2026.xlsx,2026-04-01,LOW_FEE_5_OR_LESS
"Товары для красоты / Косметика, парфюмерия и уход / Уход за телом / Аксессуары / Аксессуары для парафинотерапии",Аксессуары для парафинотерапии,"DBS=12%, EXPRESS=5%, FBS=12%, FBY=5%",4,,,5.0,12.0,7.0,20260426_141844_marketplace-services-rates-01-04-2026.xlsx,2026-04-01,LOW_FEE_5_OR_LESS
"Товары для красоты / Косметика, парфюмерия и уход / Уход за телом / Загар и защита от солнца / Автозагар и средства для солярия / Аксессуары для солярия",Аксессуары для солярия,"DBS=12%, EXPRESS=5%, FBS=12%, FBY=5%",4,,,5.0,12.0,7.0,20260426_141844_marketplace-services-rates-01-04-2026.xlsx,2026-04-01,LOW_FEE_5_OR_LESS
"Товары для красоты / Косметика, парфюмерия и уход / Уход за ногтями / Дизайн ногтей / Стемпинг / Аксессуары для стемпинга",Аксессуары для стемпинга,"DBS=12%, EXPRESS=5%, FBS=12%, FBY=5%",4,,,5.0,12.0,7.0,20260426_141844_marketplace-services-rates-01-04-2026.xlsx,2026-04-01,LOW_FEE_5_OR_LESS
"Товары для красоты / Косметика, парфюмерия и уход / Уход за лицом / Аксессуары / Аксессуары для умывания",Аксессуары для умывания,"DBS=12%, EXPRESS=5%, FBS=12%, FBY=5%",4,,,5.0,12.0,7.0,20260426_141844_marketplace-services-rates-01-04-2026.xlsx,2026-04-01,LOW_FEE_5_OR_LESS
"Товары для красоты / Косметика, парфюмерия и уход / Уход за ногтями / Аппараты для маникюра и педикюра / Аксессуары к маникюрно-педикюрному аппарату",Аксессуары к маникюрно-педикюрному аппарату,"DBS=12%, EXPRESS=5%, FBS=12%, FBY=5%",4,,,5.0,12.0,7.0,20260426_141844_marketplace-services-rates-01-04-2026.xlsx,2026-04-01,LOW_FEE_5_OR_LESS
"Товары для красоты / Косметика, парфюмерия и уход / Уход за телом / Загар и защита от солнца / Средства для загара и защиты от солнца / Активаторы загара",Активаторы загара,"DBS=12%, EXPRESS=5%, FBS=12%, FBY=5%",4,,,5.0,12.0,7.0,20260426_141844_marketplace-services-rates-01-04-2026.xlsx,2026-04-01,LOW_FEE_5_OR_LESS
"Товары для красоты / Косметика, парфюмерия и уход / Уход за лицом / Скрабы и пилинги / Активаторы пилинга",Активаторы пилинга,"DBS=12%, EXPRESS=5%, FBS=12%, FBY=5%",4,,,5.0,12.0,7.0,20260426_141844_marketplace-services-rates-01-04-2026.xlsx,2026-04-01,LOW_FEE_5_OR_LESS
"Товары для красоты / Косметика, парфюмерия и уход / Уход за ногтями / Жидкости / Антисептики для рук и ногтей",Антисептики для рук и ногтей,"DBS=12%, EXPRESS=5%, FBS=12%, FBY=5%",4,,,5.0,12.0,7.0,20260426_141844_marketplace-services-rates-01-04-2026.xlsx,2026-04-01,LOW_FEE_5_OR_LESS
"Товары для красоты / Косметика, парфюмерия и уход / Уход за телом / Антицеллюлитные средства",Антицеллюлитные средства,"DBS=12%, EXPRESS=5%, FBS=12%, FBY=5%",4,,,5.0,12.0,7.0,20260426_141844_marketplace-services-rates-01-04-2026.xlsx,2026-04-01,LOW_FEE_5_OR_LESS
"Товары для красоты / Косметика, парфюмерия и уход / Уход за ногтями / Аппараты для маникюра и педикюра",Аппараты для маникюра и педикюра,"DBS=12%, EXPRESS=5%, FBS=12%, FBY=5%",4,,,5.0,12.0,7.0,20260426_141844_marketplace-services-rates-01-04-2026.xlsx,2026-04-01,LOW_FEE_5_OR_LESS
"Товары для красоты / Косметика, парфюмерия и уход / Уход за ногтями / Аппараты для маникюра и педикюра / Аппараты для маникюра и педикюра",Аппараты для маникюра и педикюра,"DBS=12%, EXPRESS=5%, FBS=12%, FBY=5%",4,,,5.0,12.0,7.0,20260426_141844_marketplace-services-rates-01-04-2026.xlsx,2026-04-01,LOW_FEE_5_OR_LESS
"Товары для красоты / Косметика, парфюмерия и уход / Макияж / Аксессуары / Кисти, спонжи и аппликаторы / Аппликаторы косметические",Аппликаторы косметические,"DBS=12%, EXPRESS=5%, FBS=12%, FBY=5%",4,,,5.0,12.0,7.0,20260426_141844_marketplace-services-rates-01-04-2026.xlsx,2026-04-01,LOW_FEE_5_OR_LESS
"Товары для красоты / Косметика, парфюмерия и уход / Ароматерапия / Аксессуары / Аромакулоны",Аромакулоны,"DBS=12%, EXPRESS=5%, FBS=12%, FBY=5%",4,,,5.0,12.0,7.0,20260426_141844_marketplace-services-rates-01-04-2026.xlsx,2026-04-01,LOW_FEE_5_OR_LESS
"Товары для красоты / Косметика, парфюмерия и уход / Ароматерапия / Аксессуары / Аромалампы",Аромалампы,"DBS=12%, EXPRESS=5%, FBS=12%, FBY=5%",4,,,5.0,12.0,7.0,20260426_141844_marketplace-services-rates-01-04-2026.xlsx,2026-04-01,LOW_FEE_5_OR_LESS
"Товары для красоты / Косметика, парфюмерия и уход / Ароматерапия / Аксессуары / Аромасветильники",Аромасветильники,"DBS=12%, EXPRESS=5%, FBS=12%, FBY=5%",4,,,5.0,12.0,7.0,20260426_141844_marketplace-services-rates-01-04-2026.xlsx,2026-04-01,LOW_FEE_5_OR_LESS
"Товары для красоты / Косметика, парфюмерия и уход / Уход за волосами / Окрашивание / Краска / Аромат для красителя краски для волос",Аромат для красителя краски для волос,"DBS=12%, EXPRESS=5%, FBS=12%, FBY=5%",4,,,5.0,12.0,7.0,20260426_141844_marketplace-services-rates-01-04-2026.xlsx,2026-04-01,LOW_FEE_5_OR_LESS
"Товары для красоты / Косметика, парфюмерия и уход / Ароматерапия",Ароматерапия,"DBS=12%, EXPRESS=5%, FBS=12%, FBY=5%",4,,,5.0,12.0,7.0,20260426_141844_marketplace-services-rates-01-04-2026.xlsx,2026-04-01,LOW_FEE_5_OR_LESS
"Товары для красоты / Косметика, парфюмерия и уход / Ароматерапия / Эфирные масла / Ароматические масла",Ароматические масла,"DBS=12%, EXPRESS=5%, FBS=12%, FBY=5%",4,,,5.0,12.0,7.0,20260426_141844_marketplace-services-rates-01-04-2026.xlsx,2026-04-01,LOW_FEE_5_OR_LESS
"Продукты / Фрукты, овощи и грибы / Ягоды / Ассорти из ягод свежих",Ассорти из ягод свежих,"DBS=5%, EXPRESS=18.5%, FBS=25.5%, FBY=18.5%",4,,,5.0,25.5,20.5,20260426_141844_marketplace-services-rates-01-04-2026.xlsx,2026-04-01,"LOW_FEE_5_OR_LESS, LARGE_SPREAD_20_OR_MORE"
"Товары для красоты / Косметика, парфюмерия и уход / Уход за ногтями / Базы и топы / Базы для ногтей",Базы для ногтей,"DBS=12%, EXPRESS=5%, FBS=12%, FBY=5%",4,,,5.0,12.0,7.0,20260426_141844_marketplace-services-rates-01-04-2026.xlsx,2026-04-01,LOW_FEE_5_OR_LESS
"Товары для красоты / Косметика, парфюмерия и уход / Уход за ногтями / Базы и топы",Базы и топы,"DBS=12%, EXPRESS=5%, FBS=12%, FBY=5%",4,,,5.0,12.0,7.0,20260426_141844_marketplace-services-rates-01-04-2026.xlsx,2026-04-01,LOW_FEE_5_OR_LESS
"Товары для красоты / Косметика, парфюмерия и уход / Уход за волосами / Бальзамы и кондиционеры",Бальзамы и кондиционеры,"DBS=12%, EXPRESS=5%, FBS=12%, FBY=5%",4,,,5.0,12.0,7.0,20260426_141844_marketplace-services-rates-01-04-2026.xlsx,2026-04-01,LOW_FEE_5_OR_LESS
"Товары для красоты / Косметика, парфюмерия и уход / Уход за волосами / Резинки, ободки, повязки / Банты для волос",Банты для волос,"DBS=12%, EXPRESS=5%, FBS=12%, FBY=5%",4,,,5.0,12.0,7.0,20260426_141844_marketplace-services-rates-01-04-2026.xlsx,2026-04-01,LOW_FEE_5_OR_LESS
"Продукты / Кондитерские изделия / Мучные кондитерские изделия / Сухари, баранки, сушки / Баранки",Баранки,"DBS=5%, EXPRESS=25%, FBS=32%, FBY=25%",4,,,5.0,32.0,27.0,20260426_141844_marketplace-services-rates-01-04-2026.xlsx,2026-04-01,"LOW_FEE_5_OR_LESS, LARGE_SPREAD_20_OR_MORE"
"Товары для красоты / Косметика, парфюмерия и уход / Уход за волосами / Окрашивание / Оттеночные средства / Басма для волос",Басма для волос,"DBS=12%, EXPRESS=5%, FBS=12%, FBY=5%",4,,,5.0,12.0,7.0,20260426_141844_marketplace-services-rates-01-04-2026.xlsx,2026-04-01,LOW_FEE_5_OR_LESS
"Товары для красоты / Косметика, парфюмерия и уход / Уход за ногтями / Жидкости / Бескислотные праймеры для ногтей",Бескислотные праймеры для ногтей,"DBS=12%, EXPRESS=5%, FBS=12%, FBY=5%",4,,,5.0,12.0,7.0,20260426_141844_marketplace-services-rates-01-04-2026.xlsx,2026-04-01,LOW_FEE_5_OR_LESS
"Товары для красоты / Косметика, парфюмерия и уход / Уход за волосами / Бигуди",Бигуди,"DBS=12%, EXPRESS=5%, FBS=12%, FBY=5%",4,,,5.0,12.0,7.0,20260426_141844_marketplace-services-rates-01-04-2026.xlsx,2026-04-01,LOW_FEE_5_OR_LESS
"Товары для красоты / Косметика, парфюмерия и уход / Уход за волосами / Бигуди / Бигуди",Бигуди,"DBS=12%, EXPRESS=5%, FBS=12%, FBY=5%",4,,,5.0,12.0,7.0,20260426_141844_marketplace-services-rates-01-04-2026.xlsx,2026-04-01,LOW_FEE_5_OR_LESS
"Товары для красоты / Косметика, парфюмерия и уход / Ароматерапия / Аксессуары / Благовония",Благовония,"DBS=12%, EXPRESS=5%, FBS=12%, FBY=5%",4,,,5.0,12.0,7.0,20260426_141844_marketplace-services-rates-01-04-2026.xlsx,2026-04-01,LOW_FEE_5_OR_LESS
"Товары для красоты / Косметика, парфюмерия и уход / Макияж / Для губ / Блески и тинты / Блески для губ",Блески для губ,"DBS=12%, EXPRESS=5%, FBS=12%, FBY=5%",4,,,5.0,12.0,7.0,20260426_141844_marketplace-services-rates-01-04-2026.xlsx,2026-04-01,LOW_FEE_5_OR_LESS
"Товары для красоты / Косметика, парфюмерия и уход / Макияж / Для губ / Блески и тинты",Блески и тинты,"DBS=12%, EXPRESS=5%, FBS=12%, FBY=5%",4,,,5.0,12.0,7.0,20260426_141844_marketplace-services-rates-01-04-2026.xlsx,2026-04-01,LOW_FEE_5_OR_LESS
Продукты / Замороженные продукты / Замороженные блюда и полуфабрикаты / Готовые завтраки замороженные / Блинчики замороженные,Блинчики замороженные,"DBS=5%, EXPRESS=21.5%, FBS=28.5%, FBY=21.5%",4,,,5.0,28.5,23.5,20260426_141844_marketplace-services-rates-01-04-2026.xlsx,2026-04-01,"LOW_FEE_5_OR_LESS, LARGE_SPREAD_20_OR_MORE"
Продукты / Кулинария / Вторые блюда / Блюда из бобовых,Блюда из бобовых,"DBS=5%, EXPRESS=21.5%, FBS=28.5%, FBY=21.5%",4,,,5.0,28.5,23.5,20260426_141844_marketplace-services-rates-01-04-2026.xlsx,2026-04-01,"LOW_FEE_5_OR_LESS, LARGE_SPREAD_20_OR_MORE"
Продукты / Кулинария / Вторые блюда / Блюда из круп,Блюда из круп,"DBS=5%, EXPRESS=21.5%, FBS=28.5%, FBY=21.5%",4,,,5.0,28.5,23.5,20260426_141844_marketplace-services-rates-01-04-2026.xlsx,2026-04-01,"LOW_FEE_5_OR_LESS, LARGE_SPREAD_20_OR_MORE"
Продукты / Кулинария / Вторые блюда / Блюда из морепродуктов,Блюда из морепродуктов,"DBS=5%, EXPRESS=21.5%, FBS=28.5%, FBY=21.5%",4,,,5.0,28.5,23.5,20260426_141844_marketplace-services-rates-01-04-2026.xlsx,2026-04-01,"LOW_FEE_5_OR_LESS, LARGE_SPREAD_20_OR_MORE"
Продукты / Кулинария / Вторые блюда / Блюда из птицы,Блюда из птицы,"DBS=5%, EXPRESS=18.5%, FBS=25.5%, FBY=18.5%",4,,,5.0,25.5,20.5,20260426_141844_marketplace-services-rates-01-04-2026.xlsx,2026-04-01,"LOW_FEE_5_OR_LESS, LARGE_SPREAD_20_OR_MORE"
Продукты / Кулинария / Вторые блюда / Блюда из субпродуктов,Блюда из субпродуктов,"DBS=5%, EXPRESS=21.5%, FBS=28.5%, FBY=21.5%",4,,,5.0,28.5,23.5,20260426_141844_marketplace-services-rates-01-04-2026.xlsx,2026-04-01,"LOW_FEE_5_OR_LESS, LARGE_SPREAD_20_OR_MORE"
"Товары для красоты / Косметика, парфюмерия и уход / Макияж / Аксессуары / Кисти, спонжи и аппликаторы / Брашгарды для кистей",Брашгарды для кистей,"DBS=12%, EXPRESS=5%, FBS=12%, FBY=5%",4,,,5.0,12.0,7.0,20260426_141844_marketplace-services-rates-01-04-2026.xlsx,2026-04-01,LOW_FEE_5_OR_LESS
"Товары для красоты / Косметика, парфюмерия и уход / Уход за волосами / Расчески и щетки / Брашинги",Брашинги,"DBS=12%, EXPRESS=5%, FBS=12%, FBY=5%",4,,,5.0,12.0,7.0,20260426_141844_marketplace-services-rates-01-04-2026.xlsx,2026-04-01,LOW_FEE_5_OR_LESS
"Товары для красоты / Косметика, парфюмерия и уход / Мужчинам / Бритвы и лезвия / Бритвенные станки мужские",Бритвенные станки мужские,"DBS=12%, EXPRESS=5%, FBS=12%, FBY=5%",4,,,5.0,12.0,7.0,20260426_141844_marketplace-services-rates-01-04-2026.xlsx,2026-04-01,LOW_FEE_5_OR_LESS
"Товары для красоты / Косметика, парфюмерия и уход / Мужчинам / Бритвы и лезвия",Бритвы и лезвия,"DBS=12%, EXPRESS=5%, FBS=12%, FBY=5%",4,,,5.0,12.0,7.0,20260426_141844_marketplace-services-rates-01-04-2026.xlsx,2026-04-01,LOW_FEE_5_OR_LESS
"Товары для красоты / Косметика, парфюмерия и уход / Уход за телом / Депиляция и эпиляция / Бритвы и лезвия",Бритвы и лезвия,"DBS=12%, EXPRESS=5%, FBS=12%, FBY=5%",4,,,5.0,12.0,7.0,20260426_141844_marketplace-services-rates-01-04-2026.xlsx,2026-04-01,LOW_FEE_5_OR_LESS
"Товары для красоты / Косметика, парфюмерия и уход / Макияж / Для лица / Румяна и бронзеры / Бронзеры",Бронзеры,"DBS=12%, EXPRESS=5%, FBS=12%, FBY=5%",4,,,5.0,12.0,7.0,20260426_141844_marketplace-services-rates-01-04-2026.xlsx,2026-04-01,LOW_FEE_5_OR_LESS
"Товары для красоты / Косметика, парфюмерия и уход / Уход за волосами / Резинки, ободки, повязки / Бублики для волос",Бублики для волос,"DBS=12%, EXPRESS=5%, FBS=12%, FBY=5%",4,,,5.0,12.0,7.0,20260426_141844_marketplace-services-rates-01-04-2026.xlsx,2026-04-01,LOW_FEE_5_OR_LESS
"Продукты / Кулинария / Супы, бульоны / Бульон готовый охлажденный",Бульон готовый охлажденный,"DBS=5%, EXPRESS=21.5%, FBS=28.5%, FBY=21.5%",4,,,5.0,28.5,23.5,20260426_141844_marketplace-services-rates-01-04-2026.xlsx,2026-04-01,"LOW_FEE_5_OR_LESS, LARGE_SPREAD_20_OR_MORE"
"Товары для красоты / Косметика, парфюмерия и уход / Уход за телом / Депиляция и эпиляция / Восковая эпиляция / Бумага для депиляции",Бумага для депиляции,"DBS=12%, EXPRESS=5%, FBS=12%, FBY=5%",4,,,5.0,12.0,7.0,20260426_141844_marketplace-services-rates-01-04-2026.xlsx,2026-04-01,LOW_FEE_5_OR_LESS
Товары для красоты / Средства и предметы гигиены / Туалетная бумага и полотенца / Бумажные полотенца,Бумажные полотенца,"DBS=12%, EXPRESS=5%, FBS=12%, FBY=5%",4,,,5.0,12.0,7.0,20260426_141844_marketplace-services-rates-01-04-2026.xlsx,2026-04-01,LOW_FEE_5_OR_LESS
Товары для красоты / Средства и предметы гигиены / Бумажные салфетки,Бумажные салфетки,"DBS=12%, EXPRESS=5%, FBS=12%, FBY=5%",4,,,5.0,12.0,7.0,20260426_141844_marketplace-services-rates-01-04-2026.xlsx,2026-04-01,LOW_FEE_5_OR_LESS
"Продукты / Кулинария / Сэндвичи, бургеры / Бургеры",Бургеры,"DBS=5%, EXPRESS=20.5%, FBS=27.5%, FBY=20.5%",4,,,5.0,27.5,22.5,20260426_141844_marketplace-services-rates-01-04-2026.xlsx,2026-04-01,"LOW_FEE_5_OR_LESS, LARGE_SPREAD_20_OR_MORE"
Продукты / Замороженные продукты / Замороженные блюда и полуфабрикаты / Вареники,Вареники,"DBS=5%, EXPRESS=21.5%, FBS=28.5%, FBY=21.5%",4,,,5.0,28.5,23.5,20260426_141844_marketplace-services-rates-01-04-2026.xlsx,2026-04-01,"LOW_FEE_5_OR_LESS, LARGE_SPREAD_20_OR_MORE"
"Продукты / Молочная гастрономия / Кисломолочная продукция / Ряженка, простокваша / Варенцы",Варенцы,"DBS=5%, EXPRESS=21.5%, FBS=28.5%, FBY=21.5%",4,,,5.0,28.5,23.5,20260426_141844_marketplace-services-rates-01-04-2026.xlsx,2026-04-01,"LOW_FEE_5_OR_LESS, LARGE_SPREAD_20_OR_MORE"
Товары для красоты / Средства и предметы гигиены / Ватные палочки и диски / Ватные диски,Ватные диски,"DBS=12%, EXPRESS=5%, FBS=12%, FBY=5%",4,,,5.0,12.0,7.0,20260426_141844_marketplace-services-rates-01-04-2026.xlsx,2026-04-01,LOW_FEE_5_OR_LESS
Товары для красоты / Средства и предметы гигиены / Ватные палочки и диски / Ватные палочки,Ватные палочки,"DBS=12%, EXPRESS=5%, FBS=12%, FBY=5%",4,,,5.0,12.0,7.0,20260426_141844_marketplace-services-rates-01-04-2026.xlsx,2026-04-01,LOW_FEE_5_OR_LESS
Товары для красоты / Средства и предметы гигиены / Ватные палочки и диски,Ватные палочки и диски,"DBS=12%, EXPRESS=5%, FBS=12%, FBY=5%",4,,,5.0,12.0,7.0,20260426_141844_marketplace-services-rates-01-04-2026.xlsx,2026-04-01,LOW_FEE_5_OR_LESS
Продукты / Мясная гастрономия / Колбасы и деликатесы / Колбасы / Ветчина,Ветчина,"DBS=5%, EXPRESS=21.5%, FBS=28.5%, FBY=21.5%",4,,,5.0,28.5,23.5,20260426_141844_marketplace-services-rates-01-04-2026.xlsx,2026-04-01,"LOW_FEE_5_OR_LESS, LARGE_SPREAD_20_OR_MORE"
"Товары для красоты / Косметика, парфюмерия и уход / Уход за телом / Вкладыши для одежды",Вкладыши для одежды,"DBS=12%, EXPRESS=5%, FBS=12%, FBY=5%",4,,,5.0,12.0,7.0,20260426_141844_marketplace-services-rates-01-04-2026.xlsx,2026-04-01,LOW_FEE_5_OR_LESS
Товары для красоты / Средства и предметы гигиены / Влажные салфетки,Влажные салфетки,"DBS=12%, EXPRESS=5%, FBS=12%, FBY=5%",4,,,5.0,12.0,7.0,20260426_141844_marketplace-services-rates-01-04-2026.xlsx,2026-04-01,LOW_FEE_5_OR_LESS
Товары для красоты / Средства и предметы гигиены / Полоскание и уход за полостью рта / Влажные салфетки для зубов,Влажные салфетки для зубов,"DBS=12%, EXPRESS=5%, FBS=12%, FBY=5%",4,,,5.0,12.0,7.0,20260426_141844_marketplace-services-rates-01-04-2026.xlsx,2026-04-01,LOW_FEE_5_OR_LESS
"Товары для красоты / Косметика, парфюмерия и уход / Уход за волосами / Резинки, ободки, повязки / Волюмайзеры",Волюмайзеры,"DBS=12%, EXPRESS=5%, FBS=12%, FBY=5%",4,,,5.0,12.0,7.0,20260426_141844_marketplace-services-rates-01-04-2026.xlsx,2026-04-01,LOW_FEE_5_OR_LESS
"Товары для красоты / Косметика, парфюмерия и уход / Уход за телом / Депиляция и эпиляция / Восковая эпиляция / Воск для депиляции",Воск для депиляции,"DBS=12%, EXPRESS=5%, FBS=12%, FBY=5%",4,,,5.0,12.0,7.0,20260426_141844_marketplace-services-rates-01-04-2026.xlsx,2026-04-01,LOW_FEE_5_OR_LESS
"Товары для красоты / Косметика, парфюмерия и уход / Уход за волосами / Для укладки / Воск и паста",Воск и паста,"DBS=12%, EXPRESS=5%, FBS=12%, FBY=5%",4,,,5.0,12.0,7.0,20260426_141844_marketplace-services-rates-01-04-2026.xlsx,2026-04-01,LOW_FEE_5_OR_LESS
"Товары для красоты / Косметика, парфюмерия и уход / Уход за телом / Депиляция и эпиляция / Восковая эпиляция",Восковая эпиляция,"DBS=12%, EXPRESS=5%, FBS=12%, FBY=5%",4,,,5.0,12.0,7.0,20260426_141844_marketplace-services-rates-01-04-2026.xlsx,2026-04-01,LOW_FEE_5_OR_LESS
"Товары для красоты / Косметика, парфюмерия и уход / Уход за телом / Депиляция и эпиляция / Восковая эпиляция / Восковые полоски",Восковые полоски,"DBS=12%, EXPRESS=5%, FBS=12%, FBY=5%",4,,,5.0,12.0,7.0,20260426_141844_marketplace-services-rates-01-04-2026.xlsx,2026-04-01,LOW_FEE_5_OR_LESS
"Товары для красоты / Косметика, парфюмерия и уход / Уход за телом / Депиляция и эпиляция / Воскоплавы и парафиновые ванны / Воскоплавы",Воскоплавы,"DBS=12%, EXPRESS=5%, FBS=12%, FBY=5%",4,,,5.0,12.0,7.0,20260426_141844_marketplace-services-rates-01-04-2026.xlsx,2026-04-01,LOW_FEE_5_OR_LESS
"Товары для красоты / Косметика, парфюмерия и уход / Уход за телом / Депиляция и эпиляция / Воскоплавы и парафиновые ванны",Воскоплавы и парафиновые ванны,"DBS=12%, EXPRESS=5%, FBS=12%, FBY=5%",4,,,5.0,12.0,7.0,20260426_141844_marketplace-services-rates-01-04-2026.xlsx,2026-04-01,LOW_FEE_5_OR_LESS
Продукты / Кондитерские изделия / Восточные сладости,Восточные сладости,"DBS=5%, EXPRESS=34%, FBS=41%, FBY=34%",4,,,5.0,41.0,36.0,20260426_141844_marketplace-services-rates-01-04-2026.xlsx,2026-04-01,"LOW_FEE_5_OR_LESS, HIGH_FEE_40_OR_MORE, LARGE_SPREAD_20_OR_MORE"
Продукты / Кулинария / Вторые блюда,Вторые блюда,"DBS=5%, EXPRESS=21.5%, FBS=28.5%, FBY=21.5%",4,,,5.0,28.5,23.5,20260426_141844_marketplace-services-rates-01-04-2026.xlsx,2026-04-01,"LOW_FEE_5_OR_LESS, LARGE_SPREAD_20_OR_MORE"
Продукты / Замороженные продукты / Замороженные блюда и полуфабрикаты / Хлеб и выпечка / Выпечка замороженная,Выпечка замороженная,"DBS=5%, EXPRESS=21.5%, FBS=28.5%, FBY=21.5%",4,,,5.0,28.5,23.5,20260426_141844_marketplace-services-rates-01-04-2026.xlsx,2026-04-01,"LOW_FEE_5_OR_LESS, LARGE_SPREAD_20_OR_MORE"
Продукты / Хлеб и выпечка / Выпечка и сдоба,Выпечка и сдоба,"DBS=5%, EXPRESS=18.5%, FBS=25.5%, FBY=18.5%",4,,,5.0,25.5,20.5,20260426_141844_marketplace-services-rates-01-04-2026.xlsx,2026-04-01,"LOW_FEE_5_OR_LESS, LARGE_SPREAD_20_OR_MORE"
"Товары для красоты / Косметика, парфюмерия и уход / Уход за ногтями / Наращивание ногтей / Гелевая система",Гелевая система,"DBS=12%, EXPRESS=5%, FBS=12%, FBY=5%",4,,,5.0,12.0,7.0,20260426_141844_marketplace-services-rates-01-04-2026.xlsx,2026-04-01,LOW_FEE_5_OR_LESS
"Товары для красоты / Косметика, парфюмерия и уход / Уход за ногтями / Наращивание ногтей / Гелевая система / Гели для наращивания ногтей",Гели для наращивания ногтей,"DBS=12%, EXPRESS=5%, FBS=12%, FBY=5%",4,,,5.0,12.0,7.0,20260426_141844_marketplace-services-rates-01-04-2026.xlsx,2026-04-01,LOW_FEE_5_OR_LESS
Товары для красоты / Средства и предметы гигиены / Полоскание и уход за полостью рта / Гели для полости рта,Гели для полости рта,"DBS=12%, EXPRESS=5%, FBS=12%, FBY=5%",4,,,5.0,12.0,7.0,20260426_141844_marketplace-services-rates-01-04-2026.xlsx,2026-04-01,LOW_FEE_5_OR_LESS
"Товары для красоты / Косметика, парфюмерия и уход / Уход за волосами / Для укладки / Гели и лосьоны",Гели и лосьоны,"DBS=12%, EXPRESS=5%, FBS=12%, FBY=5%",4,,,5.0,12.0,7.0,20260426_141844_marketplace-services-rates-01-04-2026.xlsx,2026-04-01,LOW_FEE_5_OR_LESS
"Товары для красоты / Косметика, парфюмерия и уход / Уход за лицом / Кремы и сыворотки / Гели контактные",Гели контактные,"DBS=12%, EXPRESS=5%, FBS=12%, FBY=5%",4,,,5.0,12.0,7.0,20260426_141844_marketplace-services-rates-01-04-2026.xlsx,2026-04-01,LOW_FEE_5_OR_LESS
"Товары для красоты / Косметика, парфюмерия и уход / Уход за ногтями / Гель-лаки",Гель-лаки,"DBS=12%, EXPRESS=5%, FBS=12%, FBY=5%",4,,,5.0,12.0,7.0,20260426_141844_marketplace-services-rates-01-04-2026.xlsx,2026-04-01,LOW_FEE_5_OR_LESS
"Товары для красоты / Косметика, парфюмерия и уход / Макияж / Для лица / Хайлайтеры и контуринг / Глиттеры для лица",Глиттеры для лица,"DBS=12%, EXPRESS=5%, FBS=12%, FBY=5%",4,,,5.0,12.0,7.0,20260426_141844_marketplace-services-rates-01-04-2026.xlsx,2026-04-01,LOW_FEE_5_OR_LESS
"Товары для красоты / Косметика, парфюмерия и уход / Уход за телом / Скрабы и пилинги / Гоммаж для тела",Гоммаж для тела,"DBS=12%, EXPRESS=5%, FBS=12%, FBY=5%",4,,,5.0,12.0,7.0,20260426_141844_marketplace-services-rates-01-04-2026.xlsx,2026-04-01,LOW_FEE_5_OR_LESS
Продукты / Замороженные продукты / Замороженные блюда и полуфабрикаты / Готовые блюда,Готовые блюда,"DBS=5%, EXPRESS=21.5%, FBS=28.5%, FBY=21.5%",4,,,5.0,28.5,23.5,20260426_141844_marketplace-services-rates-01-04-2026.xlsx,2026-04-01,"LOW_FEE_5_OR_LESS, LARGE_SPREAD_20_OR_MORE"
Продукты / Замороженные продукты / Замороженные блюда и полуфабрикаты / Готовые блюда / Готовые блюда замороженные,Готовые блюда замороженные,"DBS=5%, EXPRESS=18.5%, FBS=25.5%, FBY=18.5%",4,,,5.0,25.5,20.5,20260426_141844_marketplace-services-rates-01-04-2026.xlsx,2026-04-01,"LOW_FEE_5_OR_LESS, LARGE_SPREAD_20_OR_MORE"
Продукты / Замороженные продукты / Замороженные блюда и полуфабрикаты / Готовые завтраки замороженные,Готовые завтраки замороженные,"DBS=5%, EXPRESS=23.5%, FBS=30.5%, FBY=23.5%",4,,,5.0,30.5,25.5,20260426_141844_marketplace-services-rates-01-04-2026.xlsx,2026-04-01,"LOW_FEE_5_OR_LESS, LARGE_SPREAD_20_OR_MORE"
"Товары для красоты / Косметика, парфюмерия и уход / Уход за волосами / Заколки / Гребни для волос",Гребни для волос,"DBS=12%, EXPRESS=5%, FBS=12%, FBY=5%",4,,,5.0,12.0,7.0,20260426_141844_marketplace-services-rates-01-04-2026.xlsx,2026-04-01,LOW_FEE_5_OR_LESS
Продукты / Кулинария / Вторые блюда / Грибные блюда,Грибные блюда,"DBS=5%, EXPRESS=21.5%, FBS=28.5%, FBY=21.5%",4,,,5.0,28.5,23.5,20260426_141844_marketplace-services-rates-01-04-2026.xlsx,2026-04-01,"LOW_FEE_5_OR_LESS, LARGE_SPREAD_20_OR_MORE"
"Продукты / Замороженные продукты / Овощи, фрукты, грибы замороженные / Грибы",Грибы,"DBS=5%, EXPRESS=23.5%, FBS=30.5%, FBY=23.5%",4,,,5.0,30.5,25.5,20260426_141844_marketplace-services-rates-01-04-2026.xlsx,2026-04-01,"LOW_FEE_5_OR_LESS, LARGE_SPREAD_20_OR_MORE"
"Продукты / Фрукты, овощи и грибы / Грибы / Грибы свежие",Грибы свежие,"DBS=5%, EXPRESS=18.5%, FBS=25.5%, FBY=18.5%",4,,,5.0,25.5,20.5,20260426_141844_marketplace-services-rates-01-04-2026.xlsx,2026-04-01,"LOW_FEE_5_OR_LESS, LARGE_SPREAD_20_OR_MORE"
"Товары для красоты / Косметика, парфюмерия и уход / Уход за лицом / Аксессуары / Гуаша",Гуаша,"DBS=12%, EXPRESS=5%, FBS=12%, FBY=5%",4,,,5.0,12.0,7.0,20260426_141844_marketplace-services-rates-01-04-2026.xlsx,2026-04-01,LOW_FEE_5_OR_LESS
"Продукты / Молочная гастрономия / Густые йогурты, творожки","Густые йогурты, творожки","DBS=5%, EXPRESS=8%, FBS=8%, FBY=8%",4,,,5.0,8.0,3.0,20260426_141844_marketplace-services-rates-01-04-2026.xlsx,2026-04-01,LOW_FEE_5_OR_LESS
"Товары для красоты / Косметика, парфюмерия и уход / Уход за ногтями / Жидкости / Дегидраторы для ногтей",Дегидраторы для ногтей,"DBS=12%, EXPRESS=5%, FBS=12%, FBY=5%",4,,,5.0,12.0,7.0,20260426_141844_marketplace-services-rates-01-04-2026.xlsx,2026-04-01,LOW_FEE_5_OR_LESS
"Товары для красоты / Косметика, парфюмерия и уход / Мужчинам / Дезодоранты",Дезодоранты,"DBS=12%, EXPRESS=5%, FBS=12%, FBY=5%",4,,,5.0,12.0,7.0,20260426_141844_marketplace-services-rates-01-04-2026.xlsx,2026-04-01,LOW_FEE_5_OR_LESS
"Товары для красоты / Косметика, парфюмерия и уход / Уход за телом / Дезодоранты",Дезодоранты,"DBS=12%, EXPRESS=5%, FBS=12%, FBY=5%",4,,,5.0,12.0,7.0,20260426_141844_marketplace-services-rates-01-04-2026.xlsx,2026-04-01,LOW_FEE_5_OR_LESS
Продукты / Мясная гастрономия / Колбасы и деликатесы / Деликатесы мясные,Деликатесы мясные,"DBS=5%, EXPRESS=18.5%, FBS=25.5%, FBY=18.5%",4,,,5.0,25.5,20.5,20260426_141844_marketplace-services-rates-01-04-2026.xlsx,2026-04-01,"LOW_FEE_5_OR_LESS, LARGE_SPREAD_20_OR_MORE"
"Товары для красоты / Косметика, парфюмерия и уход / Уход за телом / Депиляция и эпиляция",Депиляция и эпиляция,"DBS=12%, EXPRESS=5%, FBS=12%, FBY=5%",4,,,5.0,12.0,7.0,20260426_141844_marketplace-services-rates-01-04-2026.xlsx,2026-04-01,LOW_FEE_5_OR_LESS
Продукты / Замороженные продукты / Мороженое / Десерты замороженные,Десерты замороженные,"DBS=5%, EXPRESS=23.5%, FBS=30.5%, FBY=23.5%",4,,,5.0,30.5,25.5,20260426_141844_marketplace-services-rates-01-04-2026.xlsx,2026-04-01,"LOW_FEE_5_OR_LESS, LARGE_SPREAD_20_OR_MORE"
"Продукты / Молочная гастрономия / Десерты, желе / Десерты молочные",Десерты молочные,"DBS=5%, EXPRESS=21.5%, FBS=28.5%, FBY=21.5%",4,,,5.0,28.5,23.5,20260426_141844_marketplace-services-rates-01-04-2026.xlsx,2026-04-01,"LOW_FEE_5_OR_LESS, LARGE_SPREAD_20_OR_MORE"
Продукты / Замороженные продукты / Замороженные блюда и полуфабрикаты / Хлеб и выпечка / Десерты мучные замороженные,Десерты мучные замороженные,"DBS=5%, EXPRESS=21.5%, FBS=28.5%, FBY=21.5%",4,,,5.0,28.5,23.5,20260426_141844_marketplace-services-rates-01-04-2026.xlsx,2026-04-01,"LOW_FEE_5_OR_LESS, LARGE_SPREAD_20_OR_MORE"
"Продукты / Молочная гастрономия / Десерты, желе","Десерты, желе","DBS=5%, EXPRESS=22.5%, FBS=29.5%, FBY=22.5%",4,,,5.0,29.5,24.5,20260426_141844_marketplace-services-rates-01-04-2026.xlsx,2026-04-01,"LOW_FEE_5_OR_LESS, LARGE_SPREAD_20_OR_MORE"
"Товары для красоты / Косметика, парфюмерия и уход / Косметика для детей / Детская косметика и духи",Детская косметика и духи,"DBS=12%, EXPRESS=5%, FBS=12%, FBY=5%",4,,,5.0,12.0,7.0,20260426_141844_marketplace-services-rates-01-04-2026.xlsx,2026-04-01,LOW_FEE_5_OR_LESS
"Товары для красоты / Косметика, парфюмерия и уход / Уход за волосами / Резинки, ободки, повязки / Диадема для волос",Диадема для волос,"DBS=12%, EXPRESS=5%, FBS=12%, FBY=5%",4,,,5.0,12.0,7.0,20260426_141844_marketplace-services-rates-01-04-2026.xlsx,2026-04-01,LOW_FEE_5_OR_LESS
"Товары для красоты / Косметика, парфюмерия и уход / Уход за ногтями / Дизайн ногтей",Дизайн ногтей,"DBS=12%, EXPRESS=5%, FBS=12%, FBY=5%",4,,,5.0,12.0,7.0,20260426_141844_marketplace-services-rates-01-04-2026.xlsx,2026-04-01,LOW_FEE_5_OR_LESS
"Товары для красоты / Косметика, парфюмерия и уход / Мужчинам / Для бороды и усов",Для бороды и усов,"DBS=12%, EXPRESS=5%, FBS=12%, FBY=5%",4,,,5.0,12.0,7.0,20260426_141844_marketplace-services-rates-01-04-2026.xlsx,2026-04-01,LOW_FEE_5_OR_LESS
"Товары для красоты / Косметика, парфюмерия и уход / Макияж / Для бровей",Для бровей,"DBS=12%, EXPRESS=5%, FBS=12%, FBY=5%",4,,,5.0,12.0,7.0,20260426_141844_marketplace-services-rates-01-04-2026.xlsx,2026-04-01,LOW_FEE_5_OR_LESS
"Товары для красоты / Косметика, парфюмерия и уход / Макияж / Для глаз",Для глаз,"DBS=12%, EXPRESS=5%, FBS=12%, FBY=5%",4,,,5.0,12.0,7.0,20260426_141844_marketplace-services-rates-01-04-2026.xlsx,2026-04-01,LOW_FEE_5_OR_LESS
"Товары для красоты / Косметика, парфюмерия и уход / Макияж / Для губ",Для губ,"DBS=12%, EXPRESS=5%, FBS=12%, FBY=5%",4,,,5.0,12.0,7.0,20260426_141844_marketplace-services-rates-01-04-2026.xlsx,2026-04-01,LOW_FEE_5_OR_LESS
"Товары для красоты / Косметика, парфюмерия и уход / Уход за телом / Для душа",Для душа,"DBS=12%, EXPRESS=5%, FBS=12%, FBY=5%",4,,,5.0,12.0,7.0,20260426_141844_marketplace-services-rates-01-04-2026.xlsx,2026-04-01,LOW_FEE_5_OR_LESS
"Товары для красоты / Косметика, парфюмерия и уход / Макияж / Для лица",Для лица,"DBS=12%, EXPRESS=5%, FBS=12%, FBY=5%",4,,,5.0,12.0,7.0,20260426_141844_marketplace-services-rates-01-04-2026.xlsx,2026-04-01,LOW_FEE_5_OR_LESS
"Товары для красоты / Косметика, парфюмерия и уход / Уход за волосами / Для укладки",Для укладки,"DBS=12%, EXPRESS=5%, FBS=12%, FBY=5%",4,,,5.0,12.0,7.0,20260426_141844_marketplace-services-rates-01-04-2026.xlsx,2026-04-01,LOW_FEE_5_OR_LESS
"Товары для красоты / Косметика, парфюмерия и уход / Уход за телом / Аксессуары / Дозаторы для косметического флакона",Дозаторы для косметического флакона,"DBS=12%, EXPRESS=5%, FBS=12%, FBY=5%",4,,,5.0,12.0,7.0,20260426_141844_marketplace-services-rates-01-04-2026.xlsx,2026-04-01,LOW_FEE_5_OR_LESS
Продукты / Кондитерские изделия / Жевательная резинка,Жевательная резинка,"DBS=5%, EXPRESS=34%, FBS=41%, FBY=34%",4,,,5.0,41.0,36.0,20260426_141844_marketplace-services-rates-01-04-2026.xlsx,2026-04-01,"LOW_FEE_5_OR_LESS, HIGH_FEE_40_OR_MORE, LARGE_SPREAD_20_OR_MORE"
"Продукты / Молочная гастрономия / Десерты, желе / Желе",Желе,"DBS=5%, EXPRESS=18.5%, FBS=25.5%, FBY=18.5%",4,,,5.0,25.5,20.5,20260426_141844_marketplace-services-rates-01-04-2026.xlsx,2026-04-01,"LOW_FEE_5_OR_LESS, LARGE_SPREAD_20_OR_MORE"
"Товары для красоты / Косметика, парфюмерия и уход / Уход за ногтями / Жидкости",Жидкости,"DBS=12%, EXPRESS=5%, FBS=12%, FBY=5%",4,,,5.0,12.0,7.0,20260426_141844_marketplace-services-rates-01-04-2026.xlsx,2026-04-01,LOW_FEE_5_OR_LESS
"Товары для красоты / Косметика, парфюмерия и уход / Уход за ногтями / Наращивание ногтей / Гелевая система / Жидкости для акригеля",Жидкости для акригеля,"DBS=12%, EXPRESS=5%, FBS=12%, FBY=5%",4,,,5.0,12.0,7.0,20260426_141844_marketplace-services-rates-01-04-2026.xlsx,2026-04-01,LOW_FEE_5_OR_LESS
"Товары для красоты / Косметика, парфюмерия и уход / Уход за ногтями / Дизайн ногтей / Стемпинг / Жидкости для стемпинга",Жидкости для стемпинга,"DBS=12%, EXPRESS=5%, FBS=12%, FBY=5%",4,,,5.0,12.0,7.0,20260426_141844_marketplace-services-rates-01-04-2026.xlsx,2026-04-01,LOW_FEE_5_OR_LESS
Продукты / Кулинария / Завтраки,Завтраки,"DBS=5%, EXPRESS=21.5%, FBS=28.5%, FBY=21.5%",4,,,5.0,28.5,23.5,20260426_141844_marketplace-services-rates-01-04-2026.xlsx,2026-04-01,"LOW_FEE_5_OR_LESS, LARGE_SPREAD_20_OR_MORE"
"Товары для красоты / Косметика, парфюмерия и уход / Уход за лицом / Загар и защита от солнца",Загар и защита от солнца,"DBS=12%, EXPRESS=5%, FBS=12%, FBY=5%",4,,,5.0,12.0,7.0,20260426_141844_marketplace-services-rates-01-04-2026.xlsx,2026-04-01,LOW_FEE_5_OR_LESS
"Товары для красоты / Косметика, парфюмерия и уход / Уход за телом / Загар и защита от солнца",Загар и защита от солнца,"DBS=12%, EXPRESS=5%, FBS=12%, FBY=5%",4,,,5.0,12.0,7.0,20260426_141844_marketplace-services-rates-01-04-2026.xlsx,2026-04-01,LOW_FEE_5_OR_LESS
"Товары для красоты / Косметика, парфюмерия и уход / Уход за волосами / Окрашивание / Краска / Загустители краски для волос",Загустители краски для волос,"DBS=12%, EXPRESS=5%, FBS=12%, FBY=5%",4,,,5.0,12.0,7.0,20260426_141844_marketplace-services-rates-01-04-2026.xlsx,2026-04-01,LOW_FEE_5_OR_LESS
"Товары для красоты / Косметика, парфюмерия и уход / Уход за ногтями / Наращивание ногтей / Накладные ногти, типсы / Зажимы для наращивания ногтей",Зажимы для наращивания ногтей,"DBS=12%, EXPRESS=5%, FBS=12%, FBY=5%",4,,,5.0,12.0,7.0,20260426_141844_marketplace-services-rates-01-04-2026.xlsx,2026-04-01,LOW_FEE_5_OR_LESS
"Товары для красоты / Косметика, парфюмерия и уход / Уход за волосами / Заколки",Заколки,"DBS=12%, EXPRESS=5%, FBS=12%, FBY=5%",4,,,5.0,12.0,7.0,20260426_141844_marketplace-services-rates-01-04-2026.xlsx,2026-04-01,LOW_FEE_5_OR_LESS
"Товары для красоты / Косметика, парфюмерия и уход / Уход за волосами / Заколки / Заколки для волос",Заколки для волос,"DBS=12%, EXPRESS=5%, FBS=12%, FBY=5%",4,,,5.0,12.0,7.0,20260426_141844_marketplace-services-rates-01-04-2026.xlsx,2026-04-01,LOW_FEE_5_OR_LESS
Продукты / Кулинария / Холодные блюда и закуски / Закуски из мяса и птицы охлажденные,Закуски из мяса и птицы охлажденные,"DBS=5%, EXPRESS=20.5%, FBS=27.5%, FBY=20.5%",4,,,5.0,27.5,22.5,20260426_141844_marketplace-services-rates-01-04-2026.xlsx,2026-04-01,"LOW_FEE_5_OR_LESS, LARGE_SPREAD_20_OR_MORE"
Продукты / Кулинария / Холодные блюда и закуски / Закуски из рыбы и морепродуктов охлажденные,Закуски из рыбы и морепродуктов охлажденные,"DBS=5%, EXPRESS=23.5%, FBS=30.5%, FBY=23.5%",4,,,5.0,30.5,25.5,20260426_141844_marketplace-services-rates-01-04-2026.xlsx,2026-04-01,"LOW_FEE_5_OR_LESS, LARGE_SPREAD_20_OR_MORE"
Продукты / Кулинария / Холодные блюда и закуски / Закуски из яиц и молочных продуктов,Закуски из яиц и молочных продуктов,"DBS=5%, EXPRESS=20.5%, FBS=27.5%, FBY=20.5%",4,,,5.0,27.5,22.5,20260426_141844_marketplace-services-rates-01-04-2026.xlsx,2026-04-01,"LOW_FEE_5_OR_LESS, LARGE_SPREAD_20_OR_MORE"
Продукты / Кулинария / Холодные блюда и закуски / Закуски овощные охлажденные,Закуски овощные охлажденные,"DBS=5%, EXPRESS=18.5%, FBS=25.5%, FBY=18.5%",4,,,5.0,25.5,20.5,20260426_141844_marketplace-services-rates-01-04-2026.xlsx,2026-04-01,"LOW_FEE_5_OR_LESS, LARGE_SPREAD_20_OR_MORE"
"Продукты / Рыбная гастрономия / Пресервы / Салаты, закуски / Закуски рыбные",Закуски рыбные,"DBS=5%, EXPRESS=18.5%, FBS=25.5%, FBY=18.5%",4,,,5.0,25.5,20.5,20260426_141844_marketplace-services-rates-01-04-2026.xlsx,2026-04-01,"LOW_FEE_5_OR_LESS, LARGE_SPREAD_20_OR_MORE"
Продукты / Замороженные продукты / Замороженные блюда и полуфабрикаты,Замороженные блюда и полуфабрикаты,"DBS=5%, EXPRESS=23.5%, FBS=30.5%, FBY=23.5%",4,,,5.0,30.5,25.5,20260426_141844_marketplace-services-rates-01-04-2026.xlsx,2026-04-01,"LOW_FEE_5_OR_LESS, LARGE_SPREAD_20_OR_MORE"
Продукты / Замороженные продукты,Замороженные продукты,"DBS=5%, EXPRESS=23.5%, FBS=30.5%, FBY=23.5%",4,,,5.0,30.5,25.5,20260426_141844_marketplace-services-rates-01-04-2026.xlsx,2026-04-01,"LOW_FEE_5_OR_LESS, LARGE_SPREAD_20_OR_MORE"
Продукты / Замороженные продукты / Замороженные блюда и полуфабрикаты / Готовые завтраки замороженные / Запеканки замороженные,Запеканки замороженные,"DBS=5%, EXPRESS=21.5%, FBS=28.5%, FBY=21.5%",4,,,5.0,28.5,23.5,20260426_141844_marketplace-services-rates-01-04-2026.xlsx,2026-04-01,"LOW_FEE_5_OR_LESS, LARGE_SPREAD_20_OR_MORE"
"Товары для красоты / Косметика, парфюмерия и уход / Уход за ногтями / Аппараты для маникюра и педикюра / Запчасти к маникюрно-педикюрному аппарату",Запчасти к маникюрно-педикюрному аппарату,"DBS=12%, EXPRESS=5%, FBS=12%, FBY=5%",4,,,5.0,12.0,7.0,20260426_141844_marketplace-services-rates-01-04-2026.xlsx,2026-04-01,LOW_FEE_5_OR_LESS
"Продукты / Фрукты, овощи и грибы / Зелень, салаты / Зелень свежая",Зелень свежая,"DBS=5%, EXPRESS=21.5%, FBS=28.5%, FBY=21.5%",4,,,5.0,28.5,23.5,20260426_141844_marketplace-services-rates-01-04-2026.xlsx,2026-04-01,"LOW_FEE_5_OR_LESS, LARGE_SPREAD_20_OR_MORE"
"Продукты / Фрукты, овощи и грибы / Зелень, салаты","Зелень, салаты","DBS=5%, EXPRESS=21.5%, FBS=28.5%, FBY=21.5%",4,,,5.0,28.5,23.5,20260426_141844_marketplace-services-rates-01-04-2026.xlsx,2026-04-01,"LOW_FEE_5_OR_LESS, LARGE_SPREAD_20_OR_MORE"
"Товары для красоты / Косметика, парфюмерия и уход / Макияж / Аксессуары / Зеркала косметические",Зеркала косметические,"DBS=12%, EXPRESS=5%, FBS=12%, FBY=5%",4,,,5.0,12.0,7.0,20260426_141844_marketplace-services-rates-01-04-2026.xlsx,2026-04-01,LOW_FEE_5_OR_LESS
Товары для красоты / Средства и предметы гигиены / Зубная паста,Зубная паста,"DBS=12%, EXPRESS=5%, FBS=12%, FBY=5%",4,,,5.0,12.0,7.0,20260426_141844_marketplace-services-rates-01-04-2026.xlsx,2026-04-01,LOW_FEE_5_OR_LESS
Товары для красоты / Средства и предметы гигиены / Зубные щетки / Зубные ершики,Зубные ершики,"DBS=12%, EXPRESS=5%, FBS=12%, FBY=5%",4,,,5.0,12.0,7.0,20260426_141844_marketplace-services-rates-01-04-2026.xlsx,2026-04-01,LOW_FEE_5_OR_LESS
Товары для красоты / Средства и предметы гигиены / Полоскание и уход за полостью рта / Зубные нити,Зубные нити,"DBS=12%, EXPRESS=5%, FBS=12%, FBY=5%",4,,,5.0,12.0,7.0,20260426_141844_marketplace-services-rates-01-04-2026.xlsx,2026-04-01,LOW_FEE_5_OR_LESS
Товары для красоты / Средства и предметы гигиены / Зубная паста / Зубные пасты,Зубные пасты,"DBS=12%, EXPRESS=5%, FBS=12%, FBY=5%",4,,,5.0,12.0,7.0,20260426_141844_marketplace-services-rates-01-04-2026.xlsx,2026-04-01,LOW_FEE_5_OR_LESS
Товары для красоты / Средства и предметы гигиены / Зубная паста / Зубные порошки,Зубные порошки,"DBS=12%, EXPRESS=5%, FBS=12%, FBY=5%",4,,,5.0,12.0,7.0,20260426_141844_marketplace-services-rates-01-04-2026.xlsx,2026-04-01,LOW_FEE_5_OR_LESS
Товары для красоты / Средства и предметы гигиены / Зубные щетки,Зубные щетки,"DBS=12%, EXPRESS=5%, FBS=12%, FBY=5%",4,,,5.0,12.0,7.0,20260426_141844_marketplace-services-rates-01-04-2026.xlsx,2026-04-01,LOW_FEE_5_OR_LESS
Товары для красоты / Средства и предметы гигиены / Зубные щетки / Зубные щетки,Зубные щетки,"DBS=12%, EXPRESS=5%, FBS=12%, FBY=5%",4,,,5.0,12.0,7.0,20260426_141844_marketplace-services-rates-01-04-2026.xlsx,2026-04-01,LOW_FEE_5_OR_LESS
Товары для красоты / Средства и предметы гигиены / Полоскание и уход за полостью рта / Зубочистки,Зубочистки,"DBS=12%, EXPRESS=5%, FBS=12%, FBY=5%",4,,,5.0,12.0,7.0,20260426_141844_marketplace-services-rates-01-04-2026.xlsx,2026-04-01,LOW_FEE_5_OR_LESS
Продукты / Рыбная гастрономия / Икра,Икра,"DBS=5%, EXPRESS=18.5%, FBS=25.5%, FBY=18.5%",4,,,5.0,25.5,20.5,20260426_141844_marketplace-services-rates-01-04-2026.xlsx,2026-04-01,"LOW_FEE_5_OR_LESS, LARGE_SPREAD_20_OR_MORE"
Продукты / Рыбная гастрономия / Икра / Икра,Икра,"DBS=5%, EXPRESS=18.5%, FBS=25.5%, FBY=18.5%",4,,,5.0,25.5,20.5,20260426_141844_marketplace-services-rates-01-04-2026.xlsx,2026-04-01,"LOW_FEE_5_OR_LESS, LARGE_SPREAD_20_OR_MORE"
Продукты / Рыбная гастрономия / Икра / Имитация икры,Имитация икры,"DBS=5%, EXPRESS=18.5%, FBS=25.5%, FBY=18.5%",4,,,5.0,25.5,20.5,20260426_141844_marketplace-services-rates-01-04-2026.xlsx,2026-04-01,"LOW_FEE_5_OR_LESS, LARGE_SPREAD_20_OR_MORE"
Продукты / Бакалейные товары / Ингредиенты для блюд этнической кухни / Ингредиенты для этнической кухни,Ингредиенты для этнической кухни,"DBS=5%, EXPRESS=34%, FBS=41%, FBY=34%",4,,,5.0,41.0,36.0,20260426_141844_marketplace-services-rates-01-04-2026.xlsx,2026-04-01,"LOW_FEE_5_OR_LESS, HIGH_FEE_40_OR_MORE, LARGE_SPREAD_20_OR_MORE"
"Товары для красоты / Косметика, парфюмерия и уход / Уход за ногтями / Дизайн ногтей / Инструменты",Инструменты,"DBS=12%, EXPRESS=5%, FBS=12%, FBY=5%",4,,,5.0,12.0,7.0,20260426_141844_marketplace-services-rates-01-04-2026.xlsx,2026-04-01,LOW_FEE_5_OR_LESS
"Товары для красоты / Косметика, парфюмерия и уход / Ароматерапия / Аксессуары / Инструменты для благовоний",Инструменты для благовоний,"DBS=12%, EXPRESS=5%, FBS=12%, FBY=5%",4,,,5.0,12.0,7.0,20260426_141844_marketplace-services-rates-01-04-2026.xlsx,2026-04-01,LOW_FEE_5_OR_LESS
"Товары для красоты / Косметика, парфюмерия и уход / Уход за ногтями / Инструменты для маникюра и педикюра",Инструменты для маникюра и педикюра,"DBS=12%, EXPRESS=5%, FBS=12%, FBY=5%",4,,,5.0,12.0,7.0,20260426_141844_marketplace-services-rates-01-04-2026.xlsx,2026-04-01,LOW_FEE_5_OR_LESS
"Товары для красоты / Косметика, парфюмерия и уход / Макияж / Для бровей / Краска для бровей и ресниц / Инструменты для окрашивания бровей",Инструменты для окрашивания бровей,"DBS=12%, EXPRESS=5%, FBS=12%, FBY=5%",4,,,5.0,12.0,7.0,20260426_141844_marketplace-services-rates-01-04-2026.xlsx,2026-04-01,LOW_FEE_5_OR_LESS
Товары для красоты / Средства и предметы гигиены / Ватные палочки и диски / Инструменты для чистки ушей и носа,Инструменты для чистки ушей и носа,"DBS=12%, EXPRESS=5%, FBS=12%, FBY=5%",4,,,5.0,12.0,7.0,20260426_141844_marketplace-services-rates-01-04-2026.xlsx,2026-04-01,LOW_FEE_5_OR_LESS
Товары для красоты / Средства и предметы гигиены / Интимные смазки,Интимные смазки,"DBS=12%, EXPRESS=5%, FBS=12%, FBY=5%",4,,,5.0,12.0,7.0,20260426_141844_marketplace-services-rates-01-04-2026.xlsx,2026-04-01,LOW_FEE_5_OR_LESS
Товары для красоты / Средства и предметы гигиены / Интимные смазки / Интимные смазки,Интимные смазки,"DBS=12%, EXPRESS=5%, FBS=12%, FBY=5%",4,,,5.0,12.0,7.0,20260426_141844_marketplace-services-rates-01-04-2026.xlsx,2026-04-01,LOW_FEE_5_OR_LESS
"Товары для красоты / Косметика, парфюмерия и уход / Уход за волосами / Парики и шиньоны / Искусственные пряди волос",Искусственные пряди волос,"DBS=12%, EXPRESS=5%, FBS=12%, FBY=5%",4,,,5.0,12.0,7.0,20260426_141844_marketplace-services-rates-01-04-2026.xlsx,2026-04-01,LOW_FEE_5_OR_LESS
"Продукты / Молочная гастрономия / Густые йогурты, творожки / Йогурты и йогуртные продукты",Йогурты и йогуртные продукты,"DBS=5%, EXPRESS=8%, FBS=8%, FBY=8%",4,,,5.0,8.0,3.0,20260426_141844_marketplace-services-rates-01-04-2026.xlsx,2026-04-01,LOW_FEE_5_OR_LESS
"Продукты / Молочная гастрономия / Питьевые йогурты, молочные коктейли / Йогурты питьевые",Йогурты питьевые,"DBS=5%, EXPRESS=21.5%, FBS=28.5%, FBY=21.5%",4,,,5.0,28.5,23.5,20260426_141844_marketplace-services-rates-01-04-2026.xlsx,2026-04-01,"LOW_FEE_5_OR_LESS, LARGE_SPREAD_20_OR_MORE"
Продукты / Кулинария / Холодные блюда и закуски / Канапе и тарталетки закусочные,Канапе и тарталетки закусочные,"DBS=5%, EXPRESS=18.5%, FBS=25.5%, FBY=18.5%",4,,,5.0,25.5,20.5,20260426_141844_marketplace-services-rates-01-04-2026.xlsx,2026-04-01,"LOW_FEE_5_OR_LESS, LARGE_SPREAD_20_OR_MORE"
"Товары для красоты / Косметика, парфюмерия и уход / Макияж / Для бровей / Карандаши для бровей",Карандаши для бровей,"DBS=12%, EXPRESS=5%, FBS=12%, FBY=5%",4,,,5.0,12.0,7.0,20260426_141844_marketplace-services-rates-01-04-2026.xlsx,2026-04-01,LOW_FEE_5_OR_LESS
"Товары для красоты / Косметика, парфюмерия и уход / Макияж / Для бровей / Карандаши для бровей / Карандаши для бровей",Карандаши для бровей,"DBS=12%, EXPRESS=5%, FBS=12%, FBY=5%",4,,,5.0,12.0,7.0,20260426_141844_marketplace-services-rates-01-04-2026.xlsx,2026-04-01,LOW_FEE_5_OR_LESS
"Товары для красоты / Косметика, парфюмерия и уход / Макияж / Для глаз / Карандаши и подводки для глаз / Карандаши для глаз",Карандаши для глаз,"DBS=12%, EXPRESS=5%, FBS=12%, FBY=5%",4,,,5.0,12.0,7.0,20260426_141844_marketplace-services-rates-01-04-2026.xlsx,2026-04-01,LOW_FEE_5_OR_LESS
"Товары для красоты / Косметика, парфюмерия и уход / Макияж / Для губ / Карандаши для губ",Карандаши для губ,"DBS=12%, EXPRESS=5%, FBS=12%, FBY=5%",4,,,5.0,12.0,7.0,20260426_141844_marketplace-services-rates-01-04-2026.xlsx,2026-04-01,LOW_FEE_5_OR_LESS
"Товары для красоты / Косметика, парфюмерия и уход / Макияж / Для глаз / Карандаши и подводки для глаз",Карандаши и подводки для глаз,"DBS=12%, EXPRESS=5%, FBS=12%, FBY=5%",4,,,5.0,12.0,7.0,20260426_141844_marketplace-services-rates-01-04-2026.xlsx,2026-04-01,LOW_FEE_5_OR_LESS
"Продукты / Молочная гастрономия / Молочные снеки, сырки / Каши молочные",Каши молочные,"DBS=5%, EXPRESS=23.5%, FBS=30.5%, FBY=23.5%",4,,,5.0,30.5,25.5,20260426_141844_marketplace-services-rates-01-04-2026.xlsx,2026-04-01,"LOW_FEE_5_OR_LESS, LARGE_SPREAD_20_OR_MORE"
Продукты / Безалкогольные напитки / Квас,Квас,"DBS=5%, EXPRESS=18%, FBS=25%, FBY=18%",4,,,5.0,25.0,20.0,20260426_141844_marketplace-services-rates-01-04-2026.xlsx,2026-04-01,"LOW_FEE_5_OR_LESS, LARGE_SPREAD_20_OR_MORE"
"Товары для красоты / Косметика, парфюмерия и уход / Мужчинам / Средства для бритья / Квасцовые камни после бритья",Квасцовые камни после бритья,"DBS=12%, EXPRESS=5%, FBS=12%, FBY=5%",4,,,5.0,12.0,7.0,20260426_141844_marketplace-services-rates-01-04-2026.xlsx,2026-04-01,LOW_FEE_5_OR_LESS
Продукты / Кондитерские изделия / Мучные кондитерские изделия / Кексы и рулеты / Кексы,Кексы,"DBS=5%, EXPRESS=18%, FBS=25%, FBY=18%",4,,,5.0,25.0,20.0,20260426_141844_marketplace-services-rates-01-04-2026.xlsx,2026-04-01,"LOW_FEE_5_OR_LESS, LARGE_SPREAD_20_OR_MORE"
Продукты / Кондитерские изделия / Мучные кондитерские изделия / Кексы и рулеты,Кексы и рулеты,"DBS=5%, EXPRESS=27%, FBS=34%, FBY=27%",4,,,5.0,34.0,29.0,20260426_141844_marketplace-services-rates-01-04-2026.xlsx,2026-04-01,"LOW_FEE_5_OR_LESS, LARGE_SPREAD_20_OR_MORE"
Продукты / Молочная гастрономия / Кисломолочная продукция / Кефир,Кефир,"DBS=5%, EXPRESS=21.5%, FBS=28.5%, FBY=21.5%",4,,,5.0,28.5,23.5,20260426_141844_marketplace-services-rates-01-04-2026.xlsx,2026-04-01,"LOW_FEE_5_OR_LESS, LARGE_SPREAD_20_OR_MORE"
Продукты / Молочная гастрономия / Кисломолочная продукция / Кефир / Кефиры,Кефиры,"DBS=5%, EXPRESS=21.5%, FBS=28.5%, FBY=21.5%",4,,,5.0,28.5,23.5,20260426_141844_marketplace-services-rates-01-04-2026.xlsx,2026-04-01,"LOW_FEE_5_OR_LESS, LARGE_SPREAD_20_OR_MORE"
Продукты / Молочная гастрономия / Кисломолочная продукция,Кисломолочная продукция,"DBS=5%, EXPRESS=21.5%, FBS=28.5%, FBY=21.5%",4,,,5.0,28.5,23.5,20260426_141844_marketplace-services-rates-01-04-2026.xlsx,2026-04-01,"LOW_FEE_5_OR_LESS, LARGE_SPREAD_20_OR_MORE"
Продукты / Молочная гастрономия / Кисломолочная продукция / Кефир / Кисломолочные напитки с бифидобактериями,Кисломолочные напитки с бифидобактериями,"DBS=5%, EXPRESS=18.5%, FBS=25.5%, FBY=18.5%",4,,,5.0,25.5,20.5,20260426_141844_marketplace-services-rates-01-04-2026.xlsx,2026-04-01,"LOW_FEE_5_OR_LESS, LARGE_SPREAD_20_OR_MORE"
"Товары для красоты / Косметика, парфюмерия и уход / Уход за ногтями / Жидкости / Кислотные праймеры для ногтей",Кислотные праймеры для ногтей,"DBS=12%, EXPRESS=5%, FBS=12%, FBY=5%",4,,,5.0,12.0,7.0,20260426_141844_marketplace-services-rates-01-04-2026.xlsx,2026-04-01,LOW_FEE_5_OR_LESS
"Товары для красоты / Косметика, парфюмерия и уход / Уход за волосами / Окрашивание / Кисти и аксессуары",Кисти и аксессуары,"DBS=12%, EXPRESS=5%, FBS=12%, FBY=5%",4,,,5.0,12.0,7.0,20260426_141844_marketplace-services-rates-01-04-2026.xlsx,2026-04-01,LOW_FEE_5_OR_LESS
"Товары для красоты / Косметика, парфюмерия и уход / Макияж / Аксессуары / Кисти, спонжи и аппликаторы / Кисти косметические",Кисти косметические,"DBS=12%, EXPRESS=5%, FBS=12%, FBY=5%",4,,,5.0,12.0,7.0,20260426_141844_marketplace-services-rates-01-04-2026.xlsx,2026-04-01,LOW_FEE_5_OR_LESS
"Товары для красоты / Косметика, парфюмерия и уход / Макияж / Аксессуары / Кисти, спонжи и аппликаторы","Кисти, спонжи и аппликаторы","DBS=12%, EXPRESS=5%, FBS=12%, FBY=5%",4,,,5.0,12.0,7.0,20260426_141844_marketplace-services-rates-01-04-2026.xlsx,2026-04-01,LOW_FEE_5_OR_LESS
"Товары для красоты / Косметика, парфюмерия и уход / Уход за ногтями / Наращивание ногтей / Накладные ногти, типсы / Клей для ногтей",Клей для ногтей,"DBS=12%, EXPRESS=5%, FBS=12%, FBY=5%",4,,,5.0,12.0,7.0,20260426_141844_marketplace-services-rates-01-04-2026.xlsx,2026-04-01,LOW_FEE_5_OR_LESS
"Товары для красоты / Косметика, парфюмерия и уход / Уход за ногтями / Инструменты для маникюра и педикюра / Книпсеры",Книпсеры,"DBS=12%, EXPRESS=5%, FBS=12%, FBY=5%",4,,,5.0,12.0,7.0,20260426_141844_marketplace-services-rates-01-04-2026.xlsx,2026-04-01,LOW_FEE_5_OR_LESS
"Продукты / Мясная гастрономия / Колбасы и деликатесы / Сосиски, сардельки, колбаски / Колбаски",Колбаски,"DBS=5%, EXPRESS=21.5%, FBS=28.5%, FBY=21.5%",4,,,5.0,28.5,23.5,20260426_141844_marketplace-services-rates-01-04-2026.xlsx,2026-04-01,"LOW_FEE_5_OR_LESS, LARGE_SPREAD_20_OR_MORE"
Продукты / Мясная гастрономия / Колбасы и деликатесы / Колбасы,Колбасы,"DBS=5%, EXPRESS=21.5%, FBS=28.5%, FBY=21.5%",4,,,5.0,28.5,23.5,20260426_141844_marketplace-services-rates-01-04-2026.xlsx,2026-04-01,"LOW_FEE_5_OR_LESS, LARGE_SPREAD_20_OR_MORE"
Продукты / Мясная гастрономия / Колбасы и деликатесы / Колбасы / Колбасы,Колбасы,"DBS=5%, EXPRESS=21.5%, FBS=28.5%, FBY=21.5%",4,,,5.0,28.5,23.5,20260426_141844_marketplace-services-rates-01-04-2026.xlsx,2026-04-01,"LOW_FEE_5_OR_LESS, LARGE_SPREAD_20_OR_MORE"
Продукты / Мясная гастрономия / Колбасы и деликатесы,Колбасы и деликатесы,"DBS=5%, EXPRESS=21.5%, FBS=28.5%, FBY=21.5%",4,,,5.0,28.5,23.5,20260426_141844_marketplace-services-rates-01-04-2026.xlsx,2026-04-01,"LOW_FEE_5_OR_LESS, LARGE_SPREAD_20_OR_MORE"
Товары для красоты / Техника для красоты / Солярии / Коллагенарии,Коллагенарии,"DBS=12%, EXPRESS=5%, FBS=12%, FBY=5%",4,,,5.0,12.0,7.0,20260426_141844_marketplace-services-rates-01-04-2026.xlsx,2026-04-01,LOW_FEE_5_OR_LESS
Товары для красоты / Техника для красоты / Солярии / Коллариумы,Коллариумы,"DBS=12%, EXPRESS=5%, FBS=12%, FBY=5%",4,,,5.0,12.0,7.0,20260426_141844_marketplace-services-rates-01-04-2026.xlsx,2026-04-01,LOW_FEE_5_OR_LESS
"Товары для красоты / Косметика, парфюмерия и уход / Уход за волосами / Резинки, ободки, повязки / Кольца для волос",Кольца для волос,"DBS=12%, EXPRESS=5%, FBS=12%, FBY=5%",4,,,5.0,12.0,7.0,20260426_141844_marketplace-services-rates-01-04-2026.xlsx,2026-04-01,LOW_FEE_5_OR_LESS
"Товары для красоты / Косметика, парфюмерия и уход / Уход за телом / Депиляция и эпиляция / Воскоплавы и парафиновые ванны / Комплектующие для воскоплава",Комплектующие для воскоплава,"DBS=12%, EXPRESS=5%, FBS=12%, FBY=5%",4,,,5.0,12.0,7.0,20260426_141844_marketplace-services-rates-01-04-2026.xlsx,2026-04-01,LOW_FEE_5_OR_LESS
Товары для красоты / Техника для красоты / Солярии / Комплектующие и запчасти для солярия,Комплектующие и запчасти для солярия,"DBS=12%, EXPRESS=5%, FBS=12%, FBY=5%",4,,,5.0,12.0,7.0,20260426_141844_marketplace-services-rates-01-04-2026.xlsx,2026-04-01,LOW_FEE_5_OR_LESS
"Продукты / Бакалейные товары / Орехи, семена, сухофрукты / Сухофрукты / Сухофрукты / Компотные смеси",Компотные смеси,"DBS=5%, EXPRESS=35%, FBS=42%, FBY=35%",4,,,5.0,42.0,37.0,20260426_141844_marketplace-services-rates-01-04-2026.xlsx,2026-04-01,"LOW_FEE_5_OR_LESS, HIGH_FEE_40_OR_MORE, LARGE_SPREAD_20_OR_MORE"
"Товары для красоты / Косметика, парфюмерия и уход / Макияж / Для бровей / Карандаши для бровей / Консилеры для бровей",Консилеры для бровей,"DBS=12%, EXPRESS=5%, FBS=12%, FBY=5%",4,,,5.0,12.0,7.0,20260426_141844_marketplace-services-rates-01-04-2026.xlsx,2026-04-01,LOW_FEE_5_OR_LESS
"Товары для красоты / Косметика, парфюмерия и уход / Макияж / Для лица / Корректоры и консилеры / Консилеры для лица",Консилеры для лица,"DBS=12%, EXPRESS=5%, FBS=12%, FBY=5%",4,,,5.0,12.0,7.0,20260426_141844_marketplace-services-rates-01-04-2026.xlsx,2026-04-01,LOW_FEE_5_OR_LESS
Товары для красоты / Средства и предметы гигиены / Полоскание и уход за полостью рта / Контейнеры для зубных протезов,Контейнеры для зубных протезов,"DBS=12%, EXPRESS=5%, FBS=12%, FBY=5%",4,,,5.0,12.0,7.0,20260426_141844_marketplace-services-rates-01-04-2026.xlsx,2026-04-01,LOW_FEE_5_OR_LESS
"Товары для красоты / Косметика, парфюмерия и уход / Ароматерапия / Аксессуары / Конусы для формовки благовоний",Конусы для формовки благовоний,"DBS=12%, EXPRESS=5%, FBS=12%, FBY=5%",4,,,5.0,12.0,7.0,20260426_141844_marketplace-services-rates-01-04-2026.xlsx,2026-04-01,LOW_FEE_5_OR_LESS
"Товары для красоты / Косметика, парфюмерия и уход / Макияж / Для лица / Корректоры и консилеры / Корректоры для лица",Корректоры для лица,"DBS=12%, EXPRESS=5%, FBS=12%, FBY=5%",4,,,5.0,12.0,7.0,20260426_141844_marketplace-services-rates-01-04-2026.xlsx,2026-04-01,LOW_FEE_5_OR_LESS
"Товары для красоты / Косметика, парфюмерия и уход / Макияж / Для лица / Корректоры и консилеры",Корректоры и консилеры,"DBS=12%, EXPRESS=5%, FBS=12%, FBY=5%",4,,,5.0,12.0,7.0,20260426_141844_marketplace-services-rates-01-04-2026.xlsx,2026-04-01,LOW_FEE_5_OR_LESS
"Товары для красоты / Косметика, парфюмерия и уход / Уход за ногтями / Аксессуары для маникюра и педикюра / Корректоры от вросшего ногтя",Корректоры от вросшего ногтя,"DBS=12%, EXPRESS=5%, FBS=12%, FBY=5%",4,,,5.0,12.0,7.0,20260426_141844_marketplace-services-rates-01-04-2026.xlsx,2026-04-01,LOW_FEE_5_OR_LESS
"Товары для красоты / Косметика, парфюмерия и уход / Уход за лицом / Аксессуары / Корректоры формы ушей",Корректоры формы ушей,"DBS=12%, EXPRESS=5%, FBS=12%, FBY=5%",4,,,5.0,12.0,7.0,20260426_141844_marketplace-services-rates-01-04-2026.xlsx,2026-04-01,LOW_FEE_5_OR_LESS
"Товары для красоты / Косметика, парфюмерия и уход / Косметика для детей",Косметика для детей,"DBS=12%, EXPRESS=5%, FBS=12%, FBY=5%",4,,,5.0,12.0,7.0,20260426_141844_marketplace-services-rates-01-04-2026.xlsx,2026-04-01,LOW_FEE_5_OR_LESS
"Товары для красоты / Косметика, парфюмерия и уход","Косметика, парфюмерия и уход","DBS=12%, EXPRESS=5%, FBS=12%, FBY=5%",4,,,5.0,12.0,7.0,20260426_141844_marketplace-services-rates-01-04-2026.xlsx,2026-04-01,LOW_FEE_5_OR_LESS
"Товары для красоты / Косметика, парфюмерия и уход / Наборы / Косметические наборы",Косметические наборы,"DBS=12%, EXPRESS=5%, FBS=12%, FBY=5%",4,,,5.0,12.0,7.0,20260426_141844_marketplace-services-rates-01-04-2026.xlsx,2026-04-01,LOW_FEE_5_OR_LESS
"Товары для красоты / Косметика, парфюмерия и уход / Наборы / Косметические наборы для ухода за волосами",Косметические наборы для ухода за волосами,"DBS=12%, EXPRESS=5%, FBS=12%, FBY=5%",4,,,5.0,12.0,7.0,20260426_141844_marketplace-services-rates-01-04-2026.xlsx,2026-04-01,LOW_FEE_5_OR_LESS
Продукты / Рыбная гастрономия / Крабовое мясо и палочки / Крабовое мясо,Крабовое мясо,"DBS=5%, EXPRESS=21.5%, FBS=28.5%, FBY=21.5%",4,,,5.0,28.5,23.5,20260426_141844_marketplace-services-rates-01-04-2026.xlsx,2026-04-01,"LOW_FEE_5_OR_LESS, LARGE_SPREAD_20_OR_MORE"
Продукты / Рыбная гастрономия / Крабовое мясо и палочки,Крабовое мясо и палочки,"DBS=5%, EXPRESS=21.5%, FBS=28.5%, FBY=21.5%",4,,,5.0,28.5,23.5,20260426_141844_marketplace-services-rates-01-04-2026.xlsx,2026-04-01,"LOW_FEE_5_OR_LESS, LARGE_SPREAD_20_OR_MORE"
Продукты / Рыбная гастрономия / Крабовое мясо и палочки / Крабовые палочки,Крабовые палочки,"DBS=5%, EXPRESS=21.5%, FBS=28.5%, FBY=21.5%",4,,,5.0,28.5,23.5,20260426_141844_marketplace-services-rates-01-04-2026.xlsx,2026-04-01,"LOW_FEE_5_OR_LESS, LARGE_SPREAD_20_OR_MORE"
"Товары для красоты / Косметика, парфюмерия и уход / Уход за волосами / Окрашивание / Оттеночные средства / Красители прямого действия",Красители прямого действия,"DBS=12%, EXPRESS=5%, FBS=12%, FBY=5%",4,,,5.0,12.0,7.0,20260426_141844_marketplace-services-rates-01-04-2026.xlsx,2026-04-01,LOW_FEE_5_OR_LESS
"Товары для красоты / Косметика, парфюмерия и уход / Уход за волосами / Окрашивание / Краска",Краска,"DBS=12%, EXPRESS=5%, FBS=12%, FBY=5%",4,,,5.0,12.0,7.0,20260426_141844_marketplace-services-rates-01-04-2026.xlsx,2026-04-01,LOW_FEE_5_OR_LESS
"Товары для красоты / Косметика, парфюмерия и уход / Мужчинам / Для бороды и усов / Краска для бороды",Краска для бороды,"DBS=12%, EXPRESS=5%, FBS=12%, FBY=5%",4,,,5.0,12.0,7.0,20260426_141844_marketplace-services-rates-01-04-2026.xlsx,2026-04-01,LOW_FEE_5_OR_LESS
"Товары для красоты / Косметика, парфюмерия и уход / Макияж / Для бровей / Краска для бровей и ресниц",Краска для бровей и ресниц,"DBS=12%, EXPRESS=5%, FBS=12%, FBY=5%",4,,,5.0,12.0,7.0,20260426_141844_marketplace-services-rates-01-04-2026.xlsx,2026-04-01,LOW_FEE_5_OR_LESS
"Товары для красоты / Косметика, парфюмерия и уход / Уход за волосами / Окрашивание / Краска / Краска для волос",Краска для волос,"DBS=12%, EXPRESS=5%, FBS=12%, FBY=5%",4,,,5.0,12.0,7.0,20260426_141844_marketplace-services-rates-01-04-2026.xlsx,2026-04-01,LOW_FEE_5_OR_LESS
"Товары для красоты / Косметика, парфюмерия и уход / Уход за ногтями / Дизайн ногтей / Краски",Краски,"DBS=12%, EXPRESS=5%, FBS=12%, FBY=5%",4,,,5.0,12.0,7.0,20260426_141844_marketplace-services-rates-01-04-2026.xlsx,2026-04-01,LOW_FEE_5_OR_LESS
"Товары для красоты / Косметика, парфюмерия и уход / Макияж / Для бровей / Краска для бровей и ресниц / Краски для бровей",Краски для бровей,"DBS=12%, EXPRESS=5%, FBS=12%, FBY=5%",4,,,5.0,12.0,7.0,20260426_141844_marketplace-services-rates-01-04-2026.xlsx,2026-04-01,LOW_FEE_5_OR_LESS
"Товары для красоты / Косметика, парфюмерия и уход / Уход за телом / Кремы и масла",Кремы и масла,"DBS=12%, EXPRESS=5%, FBS=12%, FBY=5%",4,,,5.0,12.0,7.0,20260426_141844_marketplace-services-rates-01-04-2026.xlsx,2026-04-01,LOW_FEE_5_OR_LESS
"Товары для красоты / Косметика, парфюмерия и уход / Уход за лицом / Кремы и сыворотки",Кремы и сыворотки,"DBS=12%, EXPRESS=5%, FBS=12%, FBY=5%",4,,,5.0,12.0,7.0,20260426_141844_marketplace-services-rates-01-04-2026.xlsx,2026-04-01,LOW_FEE_5_OR_LESS
"Товары для красоты / Косметика, парфюмерия и уход / Уход за волосами / Парики и шиньоны / Крепления для парика",Крепления для парика,"DBS=12%, EXPRESS=5%, FBS=12%, FBY=5%",4,,,5.0,12.0,7.0,20260426_141844_marketplace-services-rates-01-04-2026.xlsx,2026-04-01,LOW_FEE_5_OR_LESS
"Товары для красоты / Косметика, парфюмерия и уход / Уход за лицом / Аксессуары / Криосферы для лица",Криосферы для лица,"DBS=12%, EXPRESS=5%, FBS=12%, FBY=5%",4,,,5.0,12.0,7.0,20260426_141844_marketplace-services-rates-01-04-2026.xlsx,2026-04-01,LOW_FEE_5_OR_LESS
"Товары для красоты / Косметика, парфюмерия и уход / Ароматерапия / Аксессуары / Курильницы для благовоний",Курильницы для благовоний,"DBS=12%, EXPRESS=5%, FBS=12%, FBY=5%",4,,,5.0,12.0,7.0,20260426_141844_marketplace-services-rates-01-04-2026.xlsx,2026-04-01,LOW_FEE_5_OR_LESS
"Товары для красоты / Косметика, парфюмерия и уход / Уход за ногтями / Инструменты для маникюра и педикюра / Кусачки для маникюра и педикюра",Кусачки для маникюра и педикюра,"DBS=12%, EXPRESS=5%, FBS=12%, FBY=5%",4,,,5.0,12.0,7.0,20260426_141844_marketplace-services-rates-01-04-2026.xlsx,2026-04-01,LOW_FEE_5_OR_LESS
"Товары для красоты / Косметика, парфюмерия и уход / Уход за ногтями / Инструменты для маникюра и педикюра / Кюретки для маникюра",Кюретки для маникюра,"DBS=12%, EXPRESS=5%, FBS=12%, FBY=5%",4,,,5.0,12.0,7.0,20260426_141844_marketplace-services-rates-01-04-2026.xlsx,2026-04-01,LOW_FEE_5_OR_LESS
"Товары для красоты / Косметика, парфюмерия и уход / Уход за ногтями / Лаки для ногтей",Лаки для ногтей,"DBS=12%, EXPRESS=5%, FBS=12%, FBY=5%",4,,,5.0,12.0,7.0,20260426_141844_marketplace-services-rates-01-04-2026.xlsx,2026-04-01,LOW_FEE_5_OR_LESS
"Товары для красоты / Косметика, парфюмерия и уход / Уход за ногтями / Дизайн ногтей / Стемпинг / Лаки для стемпинга",Лаки для стемпинга,"DBS=12%, EXPRESS=5%, FBS=12%, FBY=5%",4,,,5.0,12.0,7.0,20260426_141844_marketplace-services-rates-01-04-2026.xlsx,2026-04-01,LOW_FEE_5_OR_LESS
"Товары для красоты / Косметика, парфюмерия и уход / Уход за волосами / Для укладки / Лаки и спреи",Лаки и спреи,"DBS=12%, EXPRESS=5%, FBS=12%, FBY=5%",4,,,5.0,12.0,7.0,20260426_141844_marketplace-services-rates-01-04-2026.xlsx,2026-04-01,LOW_FEE_5_OR_LESS
"Товары для красоты / Косметика, парфюмерия и уход / Макияж / Для бровей / Краска для бровей и ресниц / Лампы для заваривания хны",Лампы для заваривания хны,"DBS=12%, EXPRESS=5%, FBS=12%, FBY=5%",4,,,5.0,12.0,7.0,20260426_141844_marketplace-services-rates-01-04-2026.xlsx,2026-04-01,LOW_FEE_5_OR_LESS
"Товары для красоты / Косметика, парфюмерия и уход / Уход за ногтями / Лампы для сушки",Лампы для сушки,"DBS=12%, EXPRESS=5%, FBS=12%, FBY=5%",4,,,5.0,12.0,7.0,20260426_141844_marketplace-services-rates-01-04-2026.xlsx,2026-04-01,LOW_FEE_5_OR_LESS
"Товары для красоты / Косметика, парфюмерия и уход / Мужчинам / Бритвы и лезвия / Лезвия для опасных бритв",Лезвия для опасных бритв,"DBS=12%, EXPRESS=5%, FBS=12%, FBY=5%",4,,,5.0,12.0,7.0,20260426_141844_marketplace-services-rates-01-04-2026.xlsx,2026-04-01,LOW_FEE_5_OR_LESS
"Товары для красоты / Косметика, парфюмерия и уход / Уход за ногтями / Инструменты для маникюра и педикюра / Лезвия для педикюрного станка",Лезвия для педикюрного станка,"DBS=12%, EXPRESS=5%, FBS=12%, FBY=5%",4,,,5.0,12.0,7.0,20260426_141844_marketplace-services-rates-01-04-2026.xlsx,2026-04-01,LOW_FEE_5_OR_LESS
"Товары для красоты / Косметика, парфюмерия и уход / Мужчинам / Бритвы и лезвия / Лезвия классические",Лезвия классические,"DBS=12%, EXPRESS=5%, FBS=12%, FBY=5%",4,,,5.0,12.0,7.0,20260426_141844_marketplace-services-rates-01-04-2026.xlsx,2026-04-01,LOW_FEE_5_OR_LESS
"Товары для красоты / Косметика, парфюмерия и уход / Уход за ногтями / Лечение и укрепление",Лечение и укрепление,"DBS=12%, EXPRESS=5%, FBS=12%, FBY=5%",4,,,5.0,12.0,7.0,20260426_141844_marketplace-services-rates-01-04-2026.xlsx,2026-04-01,LOW_FEE_5_OR_LESS
"Товары для красоты / Косметика, парфюмерия и уход / Уход за ногтями / Инструменты для маникюра и педикюра / Лопатки маникюрные",Лопатки маникюрные,"DBS=12%, EXPRESS=5%, FBS=12%, FBY=5%",4,,,5.0,12.0,7.0,20260426_141844_marketplace-services-rates-01-04-2026.xlsx,2026-04-01,LOW_FEE_5_OR_LESS
"Товары для красоты / Косметика, парфюмерия и уход / Уход за волосами / Резинки, ободки, повязки / Лулы для волос",Лулы для волос,"DBS=12%, EXPRESS=5%, FBS=12%, FBY=5%",4,,,5.0,12.0,7.0,20260426_141844_marketplace-services-rates-01-04-2026.xlsx,2026-04-01,LOW_FEE_5_OR_LESS
Продукты / Замороженные продукты / Мороженое / Лёд пищевой,Лёд пищевой,"DBS=5%, EXPRESS=21.5%, FBS=28.5%, FBY=21.5%",4,,,5.0,28.5,23.5,20260426_141844_marketplace-services-rates-01-04-2026.xlsx,2026-04-01,"LOW_FEE_5_OR_LESS, LARGE_SPREAD_20_OR_MORE"
Продукты / Молочная гастрономия / Майонез,Майонез,"DBS=5%, EXPRESS=18.5%, FBS=25.5%, FBY=18.5%",4,,,5.0,25.5,20.5,20260426_141844_marketplace-services-rates-01-04-2026.xlsx,2026-04-01,"LOW_FEE_5_OR_LESS, LARGE_SPREAD_20_OR_MORE"
Продукты / Молочная гастрономия / Майонез / Майонезы,Майонезы,"DBS=5%, EXPRESS=18.5%, FBS=25.5%, FBY=18.5%",4,,,5.0,25.5,20.5,20260426_141844_marketplace-services-rates-01-04-2026.xlsx,2026-04-01,"LOW_FEE_5_OR_LESS, LARGE_SPREAD_20_OR_MORE"
"Товары для красоты / Косметика, парфюмерия и уход / Макияж",Макияж,"DBS=12%, EXPRESS=5%, FBS=12%, FBY=5%",4,,,5.0,12.0,7.0,20260426_141844_marketplace-services-rates-01-04-2026.xlsx,2026-04-01,LOW_FEE_5_OR_LESS
"Продукты / Замороженные продукты / Замороженные блюда и полуфабрикаты / Пельмени, манты, хинкали / Манты замороженные",Манты замороженные,"DBS=5%, EXPRESS=21.5%, FBS=28.5%, FBY=21.5%",4,,,5.0,28.5,23.5,20260426_141844_marketplace-services-rates-01-04-2026.xlsx,2026-04-01,"LOW_FEE_5_OR_LESS, LARGE_SPREAD_20_OR_MORE"
Продукты / Молочная гастрономия / Масло и маргарин / Маргарин,Маргарин,"DBS=5%, EXPRESS=21.5%, FBS=28.5%, FBY=21.5%",4,,,5.0,28.5,23.5,20260426_141844_marketplace-services-rates-01-04-2026.xlsx,2026-04-01,"LOW_FEE_5_OR_LESS, LARGE_SPREAD_20_OR_MORE"
"Товары для красоты / Косметика, парфюмерия и уход / Макияж / Для бровей / Карандаши для бровей / Маркеры для бровей",Маркеры для бровей,"DBS=12%, EXPRESS=5%, FBS=12%, FBY=5%",4,,,5.0,12.0,7.0,20260426_141844_marketplace-services-rates-01-04-2026.xlsx,2026-04-01,LOW_FEE_5_OR_LESS
"Товары для красоты / Косметика, парфюмерия и уход / Уход за лицом / Маски",Маски,"DBS=12%, EXPRESS=5%, FBS=12%, FBY=5%",4,,,5.0,12.0,7.0,20260426_141844_marketplace-services-rates-01-04-2026.xlsx,2026-04-01,LOW_FEE_5_OR_LESS
"Товары для красоты / Косметика, парфюмерия и уход / Уход за лицом / Маски / Маски для лица",Маски для лица,"DBS=12%, EXPRESS=5%, FBS=12%, FBY=5%",4,,,5.0,12.0,7.0,20260426_141844_marketplace-services-rates-01-04-2026.xlsx,2026-04-01,LOW_FEE_5_OR_LESS
"Товары для красоты / Косметика, парфюмерия и уход / Уход за волосами / Маски и сыворотки",Маски и сыворотки,"DBS=12%, EXPRESS=5%, FBS=12%, FBY=5%",4,,,5.0,12.0,7.0,20260426_141844_marketplace-services-rates-01-04-2026.xlsx,2026-04-01,LOW_FEE_5_OR_LESS
"Товары для красоты / Косметика, парфюмерия и уход / Уход за лицом / Аксессуары / Маски многоразовые для лица",Маски многоразовые для лица,"DBS=12%, EXPRESS=5%, FBS=12%, FBY=5%",4,,,5.0,12.0,7.0,20260426_141844_marketplace-services-rates-01-04-2026.xlsx,2026-04-01,LOW_FEE_5_OR_LESS
"Товары для красоты / Косметика, парфюмерия и уход / Уход за ногтями / Масло для кутикулы",Масло для кутикулы,"DBS=12%, EXPRESS=5%, FBS=12%, FBY=5%",4,,,5.0,12.0,7.0,20260426_141844_marketplace-services-rates-01-04-2026.xlsx,2026-04-01,LOW_FEE_5_OR_LESS
Продукты / Молочная гастрономия / Масло и маргарин,Масло и маргарин,"DBS=5%, EXPRESS=23%, FBS=30%, FBY=23%",4,,,5.0,30.0,25.0,20260426_141844_marketplace-services-rates-01-04-2026.xlsx,2026-04-01,"LOW_FEE_5_OR_LESS, LARGE_SPREAD_20_OR_MORE"
"Товары для красоты / Косметика, парфюмерия и уход / Уход за лицом / Аксессуары / Массажеры для лица",Массажеры для лица,"DBS=12%, EXPRESS=5%, FBS=12%, FBY=5%",4,,,5.0,12.0,7.0,20260426_141844_marketplace-services-rates-01-04-2026.xlsx,2026-04-01,LOW_FEE_5_OR_LESS
"Товары для красоты / Косметика, парфюмерия и уход / Уход за телом / Антицеллюлитные средства / Массажные банки",Массажные банки,"DBS=12%, EXPRESS=5%, FBS=12%, FBY=5%",4,,,5.0,12.0,7.0,20260426_141844_marketplace-services-rates-01-04-2026.xlsx,2026-04-01,LOW_FEE_5_OR_LESS
"Товары для красоты / Косметика, парфюмерия и уход / Уход за ногтями / Наращивание ногтей / Накладные ногти, типсы / Материал для коррекции ногтей",Материал для коррекции ногтей,"DBS=12%, EXPRESS=5%, FBS=12%, FBY=5%",4,,,5.0,12.0,7.0,20260426_141844_marketplace-services-rates-01-04-2026.xlsx,2026-04-01,LOW_FEE_5_OR_LESS
"Товары для красоты / Косметика, парфюмерия и уход / Уход за лицом / Очищение и снятие макияжа / Матирующие салфетки для лица",Матирующие салфетки для лица,"DBS=12%, EXPRESS=5%, FBS=12%, FBY=5%",4,,,5.0,12.0,7.0,20260426_141844_marketplace-services-rates-01-04-2026.xlsx,2026-04-01,LOW_FEE_5_OR_LESS
"Товары для красоты / Косметика, парфюмерия и уход / Уход за лицом / Аксессуары / Мезороллеры",Мезороллеры,"DBS=12%, EXPRESS=5%, FBS=12%, FBY=5%",4,,,5.0,12.0,7.0,20260426_141844_marketplace-services-rates-01-04-2026.xlsx,2026-04-01,LOW_FEE_5_OR_LESS
"Товары для красоты / Косметика, парфюмерия и уход / Уход за волосами / Окрашивание / Оттеночные средства / Мелки для волос",Мелки для волос,"DBS=12%, EXPRESS=5%, FBS=12%, FBY=5%",4,,,5.0,12.0,7.0,20260426_141844_marketplace-services-rates-01-04-2026.xlsx,2026-04-01,LOW_FEE_5_OR_LESS
"Товары для красоты / Косметика, парфюмерия и уход / Макияж / Аксессуары / Мелочи для макияжа",Мелочи для макияжа,"DBS=12%, EXPRESS=5%, FBS=12%, FBY=5%",4,,,5.0,12.0,7.0,20260426_141844_marketplace-services-rates-01-04-2026.xlsx,2026-04-01,LOW_FEE_5_OR_LESS
Товары для красоты / Средства и предметы гигиены / Прокладки и тампоны / Менструальные чаши,Менструальные чаши,"DBS=12%, EXPRESS=5%, FBS=12%, FBY=5%",4,,,5.0,12.0,7.0,20260426_141844_marketplace-services-rates-01-04-2026.xlsx,2026-04-01,LOW_FEE_5_OR_LESS
Товары для красоты / Средства и предметы гигиены / Прокладки и тампоны / Многоразовые прокладки гигиенические,Многоразовые прокладки гигиенические,"DBS=12%, EXPRESS=5%, FBS=12%, FBY=5%",4,,,5.0,12.0,7.0,20260426_141844_marketplace-services-rates-01-04-2026.xlsx,2026-04-01,LOW_FEE_5_OR_LESS
"Товары для красоты / Косметика, парфюмерия и уход / Уход за телом / Антицеллюлитные средства / Моделирующие средства",Моделирующие средства,"DBS=12%, EXPRESS=5%, FBS=12%, FBY=5%",4,,,5.0,12.0,7.0,20260426_141844_marketplace-services-rates-01-04-2026.xlsx,2026-04-01,LOW_FEE_5_OR_LESS
"Продукты / Молочная гастрономия / Молочные снеки, сырки","Молочные снеки, сырки","DBS=5%, EXPRESS=23.5%, FBS=30.5%, FBY=23.5%",4,,,5.0,30.5,25.5,20260426_141844_marketplace-services-rates-01-04-2026.xlsx,2026-04-01,"LOW_FEE_5_OR_LESS, LARGE_SPREAD_20_OR_MORE"
"Товары для красоты / Косметика, парфюмерия и уход / Уход за ногтями / Наращивание ногтей / Акриловая система / Мономеры для акрила",Мономеры для акрила,"DBS=12%, EXPRESS=5%, FBS=12%, FBY=5%",4,,,5.0,12.0,7.0,20260426_141844_marketplace-services-rates-01-04-2026.xlsx,2026-04-01,LOW_FEE_5_OR_LESS
Товары для красоты / Средства и предметы гигиены / Зубные щетки / Монопучковые щетки,Монопучковые щетки,"DBS=12%, EXPRESS=5%, FBS=12%, FBY=5%",4,,,5.0,12.0,7.0,20260426_141844_marketplace-services-rates-01-04-2026.xlsx,2026-04-01,LOW_FEE_5_OR_LESS
Продукты / Замороженные продукты / Рыба и морепродукты замороженные / Морепродукты и сурими,Морепродукты и сурими,"DBS=5%, EXPRESS=21.5%, FBS=28.5%, FBY=21.5%",4,,,5.0,28.5,23.5,20260426_141844_marketplace-services-rates-01-04-2026.xlsx,2026-04-01,"LOW_FEE_5_OR_LESS, LARGE_SPREAD_20_OR_MORE"
"Продукты / Рыбная гастрономия / Рыба, морепродукты / Морепродукты свежие",Морепродукты свежие,"DBS=5%, EXPRESS=21.5%, FBS=28.5%, FBY=21.5%",4,,,5.0,28.5,23.5,20260426_141844_marketplace-services-rates-01-04-2026.xlsx,2026-04-01,"LOW_FEE_5_OR_LESS, LARGE_SPREAD_20_OR_MORE"
Продукты / Замороженные продукты / Мороженое,Мороженое,"DBS=5%, EXPRESS=23%, FBS=30%, FBY=23%",4,,,5.0,30.0,25.0,20260426_141844_marketplace-services-rates-01-04-2026.xlsx,2026-04-01,"LOW_FEE_5_OR_LESS, LARGE_SPREAD_20_OR_MORE"
Продукты / Замороженные продукты / Мороженое / Мороженое,Мороженое,"DBS=5%, EXPRESS=23%, FBS=30%, FBY=23%",4,,,5.0,30.0,25.0,20260426_141844_marketplace-services-rates-01-04-2026.xlsx,2026-04-01,"LOW_FEE_5_OR_LESS, LARGE_SPREAD_20_OR_MORE"
Продукты / Безалкогольные напитки / Соки и нектары / Морсы,Морсы,"DBS=5%, EXPRESS=22.5%, FBS=29.5%, FBY=22.5%",4,,,5.0,29.5,24.5,20260426_141844_marketplace-services-rates-01-04-2026.xlsx,2026-04-01,"LOW_FEE_5_OR_LESS, LARGE_SPREAD_20_OR_MORE"
"Товары для красоты / Косметика, парфюмерия и уход / Уход за телом / Мочалки и щетки / Мочалки",Мочалки,"DBS=12%, EXPRESS=5%, FBS=12%, FBY=5%",4,,,5.0,12.0,7.0,20260426_141844_marketplace-services-rates-01-04-2026.xlsx,2026-04-01,LOW_FEE_5_OR_LESS
"Товары для красоты / Косметика, парфюмерия и уход / Уход за телом / Мочалки и щетки",Мочалки и щетки,"DBS=12%, EXPRESS=5%, FBS=12%, FBY=5%",4,,,5.0,12.0,7.0,20260426_141844_marketplace-services-rates-01-04-2026.xlsx,2026-04-01,LOW_FEE_5_OR_LESS
"Товары для красоты / Косметика, парфюмерия и уход / Мужчинам",Мужчинам,"DBS=12%, EXPRESS=5%, FBS=12%, FBY=5%",4,,,5.0,12.0,7.0,20260426_141844_marketplace-services-rates-01-04-2026.xlsx,2026-04-01,LOW_FEE_5_OR_LESS
"Товары для красоты / Косметика, парфюмерия и уход / Уход за волосами / Для укладки / Мусс и пенка",Мусс и пенка,"DBS=12%, EXPRESS=5%, FBS=12%, FBY=5%",4,,,5.0,12.0,7.0,20260426_141844_marketplace-services-rates-01-04-2026.xlsx,2026-04-01,LOW_FEE_5_OR_LESS
"Товары для красоты / Косметика, парфюмерия и уход / Уход за телом / Мыло",Мыло,"DBS=12%, EXPRESS=5%, FBS=12%, FBY=5%",4,,,5.0,12.0,7.0,20260426_141844_marketplace-services-rates-01-04-2026.xlsx,2026-04-01,LOW_FEE_5_OR_LESS
"Товары для красоты / Косметика, парфюмерия и уход / Уход за телом / Мыло / Мыло металлическое",Мыло металлическое,"DBS=12%, EXPRESS=5%, FBS=12%, FBY=5%",4,,,5.0,12.0,7.0,20260426_141844_marketplace-services-rates-01-04-2026.xlsx,2026-04-01,LOW_FEE_5_OR_LESS
"Товары для красоты / Косметика, парфюмерия и уход / Уход за телом / Мыло / Мыло туалетное жидкое",Мыло туалетное жидкое,"DBS=12%, EXPRESS=5%, FBS=12%, FBY=5%",4,,,5.0,12.0,7.0,20260426_141844_marketplace-services-rates-01-04-2026.xlsx,2026-04-01,LOW_FEE_5_OR_LESS
"Товары для красоты / Косметика, парфюмерия и уход / Уход за телом / Мыло / Мыло туалетное листовое",Мыло туалетное листовое,"DBS=12%, EXPRESS=5%, FBS=12%, FBY=5%",4,,,5.0,12.0,7.0,20260426_141844_marketplace-services-rates-01-04-2026.xlsx,2026-04-01,LOW_FEE_5_OR_LESS
"Товары для красоты / Косметика, парфюмерия и уход / Уход за телом / Мыло / Мыло туалетное мягкое",Мыло туалетное мягкое,"DBS=12%, EXPRESS=5%, FBS=12%, FBY=5%",4,,,5.0,12.0,7.0,20260426_141844_marketplace-services-rates-01-04-2026.xlsx,2026-04-01,LOW_FEE_5_OR_LESS
"Товары для красоты / Косметика, парфюмерия и уход / Уход за телом / Мыло / Мыло туалетное твердое",Мыло туалетное твердое,"DBS=12%, EXPRESS=5%, FBS=12%, FBY=5%",4,,,5.0,12.0,7.0,20260426_141844_marketplace-services-rates-01-04-2026.xlsx,2026-04-01,LOW_FEE_5_OR_LESS
Продукты / Кулинария / Вторые блюда / Мясные блюда,Мясные блюда,"DBS=5%, EXPRESS=21.5%, FBS=28.5%, FBY=21.5%",4,,,5.0,28.5,23.5,20260426_141844_marketplace-services-rates-01-04-2026.xlsx,2026-04-01,"LOW_FEE_5_OR_LESS, LARGE_SPREAD_20_OR_MORE"
Продукты / Замороженные продукты / Мясо и птица замороженные / Мясо,Мясо,"DBS=5%, EXPRESS=21.5%, FBS=28.5%, FBY=21.5%",4,,,5.0,28.5,23.5,20260426_141844_marketplace-services-rates-01-04-2026.xlsx,2026-04-01,"LOW_FEE_5_OR_LESS, LARGE_SPREAD_20_OR_MORE"
Продукты / Мясная гастрономия / Мясо и полуфабрикаты / Мясо,Мясо,"DBS=5%, EXPRESS=21.5%, FBS=28.5%, FBY=21.5%",4,,,5.0,28.5,23.5,20260426_141844_marketplace-services-rates-01-04-2026.xlsx,2026-04-01,"LOW_FEE_5_OR_LESS, LARGE_SPREAD_20_OR_MORE"
Продукты / Замороженные продукты / Мясо и птица замороженные,Мясо и птица замороженные,"DBS=5%, EXPRESS=21.5%, FBS=28.5%, FBY=21.5%",4,,,5.0,28.5,23.5,20260426_141844_marketplace-services-rates-01-04-2026.xlsx,2026-04-01,"LOW_FEE_5_OR_LESS, LARGE_SPREAD_20_OR_MORE"
"Товары для красоты / Косметика, парфюмерия и уход / Макияж / Наборы",Наборы,"DBS=12%, EXPRESS=5%, FBS=12%, FBY=5%",4,,,5.0,12.0,7.0,20260426_141844_marketplace-services-rates-01-04-2026.xlsx,2026-04-01,LOW_FEE_5_OR_LESS
"Товары для красоты / Косметика, парфюмерия и уход / Наборы",Наборы,"DBS=12%, EXPRESS=5%, FBS=12%, FBY=5%",4,,,5.0,12.0,7.0,20260426_141844_marketplace-services-rates-01-04-2026.xlsx,2026-04-01,LOW_FEE_5_OR_LESS
"Товары для красоты / Косметика, парфюмерия и уход / Уход за волосами / Заколки / Наборы аксессуаров для волос",Наборы аксессуаров для волос,"DBS=12%, EXPRESS=5%, FBS=12%, FBY=5%",4,,,5.0,12.0,7.0,20260426_141844_marketplace-services-rates-01-04-2026.xlsx,2026-04-01,LOW_FEE_5_OR_LESS
"Товары для красоты / Косметика, парфюмерия и уход / Макияж / Аксессуары / Кисти, спонжи и аппликаторы / Наборы аксессуаров для макияжа",Наборы аксессуаров для макияжа,"DBS=12%, EXPRESS=5%, FBS=12%, FBY=5%",4,,,5.0,12.0,7.0,20260426_141844_marketplace-services-rates-01-04-2026.xlsx,2026-04-01,LOW_FEE_5_OR_LESS
"Товары для красоты / Косметика, парфюмерия и уход / Мужчинам / Расчески и щетки для бороды и усов / Наборы аксессуаров для ухода за бородой",Наборы аксессуаров для ухода за бородой,"DBS=12%, EXPRESS=5%, FBS=12%, FBY=5%",4,,,5.0,12.0,7.0,20260426_141844_marketplace-services-rates-01-04-2026.xlsx,2026-04-01,LOW_FEE_5_OR_LESS
"Товары для красоты / Косметика, парфюмерия и уход / Ароматерапия / Аксессуары / Наборы для ароматерапии",Наборы для ароматерапии,"DBS=12%, EXPRESS=5%, FBS=12%, FBY=5%",4,,,5.0,12.0,7.0,20260426_141844_marketplace-services-rates-01-04-2026.xlsx,2026-04-01,LOW_FEE_5_OR_LESS
"Товары для красоты / Косметика, парфюмерия и уход / Уход за телом / Депиляция и эпиляция / Восковая эпиляция / Наборы для восковой депиляции",Наборы для восковой депиляции,"DBS=12%, EXPRESS=5%, FBS=12%, FBY=5%",4,,,5.0,12.0,7.0,20260426_141844_marketplace-services-rates-01-04-2026.xlsx,2026-04-01,LOW_FEE_5_OR_LESS
"Товары для красоты / Косметика, парфюмерия и уход / Уход за телом / Депиляция и эпиляция / Средства для депиляции / Наборы для депиляции",Наборы для депиляции,"DBS=12%, EXPRESS=5%, FBS=12%, FBY=5%",4,,,5.0,12.0,7.0,20260426_141844_marketplace-services-rates-01-04-2026.xlsx,2026-04-01,LOW_FEE_5_OR_LESS
"Товары для красоты / Косметика, парфюмерия и уход / Макияж / Для лица / Хайлайтеры и контуринг / Наборы для контуринга",Наборы для контуринга,"DBS=12%, EXPRESS=5%, FBS=12%, FBY=5%",4,,,5.0,12.0,7.0,20260426_141844_marketplace-services-rates-01-04-2026.xlsx,2026-04-01,LOW_FEE_5_OR_LESS
"Товары для красоты / Косметика, парфюмерия и уход / Макияж / Аксессуары / Пинцеты косметические / Наборы для коррекции бровей",Наборы для коррекции бровей,"DBS=12%, EXPRESS=5%, FBS=12%, FBY=5%",4,,,5.0,12.0,7.0,20260426_141844_marketplace-services-rates-01-04-2026.xlsx,2026-04-01,LOW_FEE_5_OR_LESS
"Товары для красоты / Косметика, парфюмерия и уход / Уход за ногтями / Наращивание ногтей / Акриловая система / Наборы для наращивания ногтей",Наборы для наращивания ногтей,"DBS=12%, EXPRESS=5%, FBS=12%, FBY=5%",4,,,5.0,12.0,7.0,20260426_141844_marketplace-services-rates-01-04-2026.xlsx,2026-04-01,LOW_FEE_5_OR_LESS
"Товары для красоты / Косметика, парфюмерия и уход / Уход за волосами / Окрашивание / Окислители / Наборы для обесцвечивания волос",Наборы для обесцвечивания волос,"DBS=12%, EXPRESS=5%, FBS=12%, FBY=5%",4,,,5.0,12.0,7.0,20260426_141844_marketplace-services-rates-01-04-2026.xlsx,2026-04-01,LOW_FEE_5_OR_LESS
"Товары для красоты / Косметика, парфюмерия и уход / Макияж / Для бровей / Краска для бровей и ресниц / Наборы для окрашивания бровей",Наборы для окрашивания бровей,"DBS=12%, EXPRESS=5%, FBS=12%, FBY=5%",4,,,5.0,12.0,7.0,20260426_141844_marketplace-services-rates-01-04-2026.xlsx,2026-04-01,LOW_FEE_5_OR_LESS
"Товары для красоты / Косметика, парфюмерия и уход / Уход за волосами / Окрашивание / Краска / Наборы для окрашивания волос",Наборы для окрашивания волос,"DBS=12%, EXPRESS=5%, FBS=12%, FBY=5%",4,,,5.0,12.0,7.0,20260426_141844_marketplace-services-rates-01-04-2026.xlsx,2026-04-01,LOW_FEE_5_OR_LESS
Товары для красоты / Средства и предметы гигиены / Полоскание и уход за полостью рта / Средства для отбеливания зубов / Наборы для отбеливания зубов,Наборы для отбеливания зубов,"DBS=12%, EXPRESS=5%, FBS=12%, FBY=5%",4,,,5.0,12.0,7.0,20260426_141844_marketplace-services-rates-01-04-2026.xlsx,2026-04-01,LOW_FEE_5_OR_LESS
Продукты / Кулинария / Салаты / Наборы для приготовления салата,Наборы для приготовления салата,"DBS=5%, EXPRESS=20.5%, FBS=27.5%, FBY=20.5%",4,,,5.0,27.5,22.5,20260426_141844_marketplace-services-rates-01-04-2026.xlsx,2026-04-01,"LOW_FEE_5_OR_LESS, LARGE_SPREAD_20_OR_MORE"
"Товары для красоты / Косметика, парфюмерия и уход / Наборы / Наборы для ухода за кожей лица",Наборы для ухода за кожей лица,"DBS=12%, EXPRESS=5%, FBS=12%, FBY=5%",4,,,5.0,12.0,7.0,20260426_141844_marketplace-services-rates-01-04-2026.xlsx,2026-04-01,LOW_FEE_5_OR_LESS
Товары для красоты / Средства и предметы гигиены / Зубная паста / Наборы для чистки зубов,Наборы для чистки зубов,"DBS=12%, EXPRESS=5%, FBS=12%, FBY=5%",4,,,5.0,12.0,7.0,20260426_141844_marketplace-services-rates-01-04-2026.xlsx,2026-04-01,LOW_FEE_5_OR_LESS
"Товары для красоты / Косметика, парфюмерия и уход / Уход за телом / Депиляция и эпиляция / Шугаринг / Наборы для шугаринга",Наборы для шугаринга,"DBS=12%, EXPRESS=5%, FBS=12%, FBY=5%",4,,,5.0,12.0,7.0,20260426_141844_marketplace-services-rates-01-04-2026.xlsx,2026-04-01,LOW_FEE_5_OR_LESS
"Товары для красоты / Косметика, парфюмерия и уход / Уход за ногтями / Базы и топы / Наборы из топа и базы",Наборы из топа и базы,"DBS=12%, EXPRESS=5%, FBS=12%, FBY=5%",4,,,5.0,12.0,7.0,20260426_141844_marketplace-services-rates-01-04-2026.xlsx,2026-04-01,LOW_FEE_5_OR_LESS
"Товары для красоты / Косметика, парфюмерия и уход / Макияж / Аксессуары / Кисти, спонжи и аппликаторы / Наборы косметических кистей",Наборы косметических кистей,"DBS=12%, EXPRESS=5%, FBS=12%, FBY=5%",4,,,5.0,12.0,7.0,20260426_141844_marketplace-services-rates-01-04-2026.xlsx,2026-04-01,LOW_FEE_5_OR_LESS
"Товары для красоты / Косметика, парфюмерия и уход / Уход за ногтями / Инструменты для маникюра и педикюра / Наборы маникюрные",Наборы маникюрные,"DBS=12%, EXPRESS=5%, FBS=12%, FBY=5%",4,,,5.0,12.0,7.0,20260426_141844_marketplace-services-rates-01-04-2026.xlsx,2026-04-01,LOW_FEE_5_OR_LESS
"Продукты / Фрукты, овощи и грибы / Овощи / Наборы овощей свежих",Наборы овощей свежих,"DBS=5%, EXPRESS=21.5%, FBS=28.5%, FBY=21.5%",4,,,5.0,28.5,23.5,20260426_141844_marketplace-services-rates-01-04-2026.xlsx,2026-04-01,"LOW_FEE_5_OR_LESS, LARGE_SPREAD_20_OR_MORE"
Товары для красоты / Средства и предметы гигиены / Полоскание и уход за полостью рта / Наборы по уходу за брекет-системами,Наборы по уходу за брекет-системами,"DBS=12%, EXPRESS=5%, FBS=12%, FBY=5%",4,,,5.0,12.0,7.0,20260426_141844_marketplace-services-rates-01-04-2026.xlsx,2026-04-01,LOW_FEE_5_OR_LESS
"Товары для красоты / Косметика, парфюмерия и уход / Мужчинам / Средства для бритья / Наборы средств для бритья",Наборы средств для бритья,"DBS=12%, EXPRESS=5%, FBS=12%, FBY=5%",4,,,5.0,12.0,7.0,20260426_141844_marketplace-services-rates-01-04-2026.xlsx,2026-04-01,LOW_FEE_5_OR_LESS
"Товары для красоты / Косметика, парфюмерия и уход / Наборы / Наборы средств для ванны",Наборы средств для ванны,"DBS=12%, EXPRESS=5%, FBS=12%, FBY=5%",4,,,5.0,12.0,7.0,20260426_141844_marketplace-services-rates-01-04-2026.xlsx,2026-04-01,LOW_FEE_5_OR_LESS
"Товары для красоты / Косметика, парфюмерия и уход / Мужчинам / Для бороды и усов / Наборы средств для ухода за бородой",Наборы средств для ухода за бородой,"DBS=12%, EXPRESS=5%, FBS=12%, FBY=5%",4,,,5.0,12.0,7.0,20260426_141844_marketplace-services-rates-01-04-2026.xlsx,2026-04-01,LOW_FEE_5_OR_LESS
"Продукты / Кулинария / Суши, роллы / Наборы суши и роллов",Наборы суши и роллов,"DBS=5%, EXPRESS=23.5%, FBS=30.5%, FBY=23.5%",4,,,5.0,30.5,25.5,20260426_141844_marketplace-services-rates-01-04-2026.xlsx,2026-04-01,"LOW_FEE_5_OR_LESS, LARGE_SPREAD_20_OR_MORE"
"Продукты / Фрукты, овощи и грибы / Фрукты / Наборы фруктов свежих",Наборы фруктов свежих,"DBS=5%, EXPRESS=18.5%, FBS=25.5%, FBY=18.5%",4,,,5.0,25.5,20.5,20260426_141844_marketplace-services-rates-01-04-2026.xlsx,2026-04-01,"LOW_FEE_5_OR_LESS, LARGE_SPREAD_20_OR_MORE"
"Товары для красоты / Косметика, парфюмерия и уход / Уход за телом / Депиляция и эпиляция / Воскоплавы и парафиновые ванны / Нагреватели сахарной пасты",Нагреватели сахарной пасты,"DBS=12%, EXPRESS=5%, FBS=12%, FBY=5%",4,,,5.0,12.0,7.0,20260426_141844_marketplace-services-rates-01-04-2026.xlsx,2026-04-01,LOW_FEE_5_OR_LESS
"Товары для красоты / Косметика, парфюмерия и уход / Уход за ногтями / Наращивание ногтей / Накладные ногти, типсы / Накладные ногти",Накладные ногти,"DBS=12%, EXPRESS=5%, FBS=12%, FBY=5%",4,,,5.0,12.0,7.0,20260426_141844_marketplace-services-rates-01-04-2026.xlsx,2026-04-01,LOW_FEE_5_OR_LESS
"Товары для красоты / Косметика, парфюмерия и уход / Уход за ногтями / Наращивание ногтей / Накладные ногти, типсы","Накладные ногти, типсы","DBS=12%, EXPRESS=5%, FBS=12%, FBY=5%",4,,,5.0,12.0,7.0,20260426_141844_marketplace-services-rates-01-04-2026.xlsx,2026-04-01,LOW_FEE_5_OR_LESS
"Товары для красоты / Косметика, парфюмерия и уход / Уход за ногтями / Дизайн ногтей / Наклейки, трафареты, фольга","Наклейки, трафареты, фольга","DBS=12%, EXPRESS=5%, FBS=12%, FBY=5%",4,,,5.0,12.0,7.0,20260426_141844_marketplace-services-rates-01-04-2026.xlsx,2026-04-01,LOW_FEE_5_OR_LESS
Продукты / Безалкогольные напитки / Соки и нектары / Напитки сокосодержащие,Напитки сокосодержащие,"DBS=5%, EXPRESS=21%, FBS=28%, FBY=21%",4,,,5.0,28.0,23.0,20260426_141844_marketplace-services-rates-01-04-2026.xlsx,2026-04-01,"LOW_FEE_5_OR_LESS, LARGE_SPREAD_20_OR_MORE"
"Товары для красоты / Косметика, парфюмерия и уход / Уход за ногтями / Наращивание ногтей",Наращивание ногтей,"DBS=12%, EXPRESS=5%, FBS=12%, FBY=5%",4,,,5.0,12.0,7.0,20260426_141844_marketplace-services-rates-01-04-2026.xlsx,2026-04-01,LOW_FEE_5_OR_LESS
"Товары для красоты / Косметика, парфюмерия и уход / Уход за ногтями / Аппараты для маникюра и педикюра / Насадки для маникюрно-педикюрного аппарата",Насадки для маникюрно-педикюрного аппарата,"DBS=12%, EXPRESS=5%, FBS=12%, FBY=5%",4,,,5.0,12.0,7.0,20260426_141844_marketplace-services-rates-01-04-2026.xlsx,2026-04-01,LOW_FEE_5_OR_LESS
"Товары для красоты / Косметика, парфюмерия и уход / Уход за волосами / Окрашивание / Оттеночные средства / Натуральная краска для волос",Натуральная краска для волос,"DBS=12%, EXPRESS=5%, FBS=12%, FBY=5%",4,,,5.0,12.0,7.0,20260426_141844_marketplace-services-rates-01-04-2026.xlsx,2026-04-01,LOW_FEE_5_OR_LESS
Продукты / Молочная гастрономия / Кисломолочная продукция / Национальные кисломолочные продукты,Национальные кисломолочные продукты,"DBS=5%, EXPRESS=21.5%, FBS=28.5%, FBY=21.5%",4,,,5.0,28.5,23.5,20260426_141844_marketplace-services-rates-01-04-2026.xlsx,2026-04-01,"LOW_FEE_5_OR_LESS, LARGE_SPREAD_20_OR_MORE"
"Товары для красоты / Косметика, парфюмерия и уход / Уход за волосами / Заколки / Невидимки для волос",Невидимки для волос,"DBS=12%, EXPRESS=5%, FBS=12%, FBY=5%",4,,,5.0,12.0,7.0,20260426_141844_marketplace-services-rates-01-04-2026.xlsx,2026-04-01,LOW_FEE_5_OR_LESS
"Товары для красоты / Косметика, парфюмерия и уход / Уход за лицом / Скрабы и пилинги / Нейтрализаторы пилинга",Нейтрализаторы пилинга,"DBS=12%, EXPRESS=5%, FBS=12%, FBY=5%",4,,,5.0,12.0,7.0,20260426_141844_marketplace-services-rates-01-04-2026.xlsx,2026-04-01,LOW_FEE_5_OR_LESS
"Товары для красоты / Косметика, парфюмерия и уход / Уход за волосами / Химическая завивка и выпрямление / Нейтрализаторы химической завивки",Нейтрализаторы химической завивки,"DBS=12%, EXPRESS=5%, FBS=12%, FBY=5%",4,,,5.0,12.0,7.0,20260426_141844_marketplace-services-rates-01-04-2026.xlsx,2026-04-01,LOW_FEE_5_OR_LESS
"Товары для красоты / Косметика, парфюмерия и уход / Макияж / Для бровей / Краска для бровей и ресниц / Нити для разметки бровей",Нити для разметки бровей,"DBS=12%, EXPRESS=5%, FBS=12%, FBY=5%",4,,,5.0,12.0,7.0,20260426_141844_marketplace-services-rates-01-04-2026.xlsx,2026-04-01,LOW_FEE_5_OR_LESS
"Товары для красоты / Косметика, парфюмерия и уход / Макияж / Аксессуары / Пинцеты косметические / Нити для тридинга",Нити для тридинга,"DBS=12%, EXPRESS=5%, FBS=12%, FBY=5%",4,,,5.0,12.0,7.0,20260426_141844_marketplace-services-rates-01-04-2026.xlsx,2026-04-01,LOW_FEE_5_OR_LESS
"Товары для красоты / Косметика, парфюмерия и уход / Уход за ногтями / Инструменты для маникюра и педикюра / Нож для кутикулы",Нож для кутикулы,"DBS=12%, EXPRESS=5%, FBS=12%, FBY=5%",4,,,5.0,12.0,7.0,20260426_141844_marketplace-services-rates-01-04-2026.xlsx,2026-04-01,LOW_FEE_5_OR_LESS
"Товары для красоты / Косметика, парфюмерия и уход / Макияж / Аксессуары / Пинцеты косметические / Ножницы для бровей",Ножницы для бровей,"DBS=12%, EXPRESS=5%, FBS=12%, FBY=5%",4,,,5.0,12.0,7.0,20260426_141844_marketplace-services-rates-01-04-2026.xlsx,2026-04-01,LOW_FEE_5_OR_LESS
"Товары для красоты / Косметика, парфюмерия и уход / Уход за ногтями / Инструменты для маникюра и педикюра / Ножницы маникюрные",Ножницы маникюрные,"DBS=12%, EXPRESS=5%, FBS=12%, FBY=5%",4,,,5.0,12.0,7.0,20260426_141844_marketplace-services-rates-01-04-2026.xlsx,2026-04-01,LOW_FEE_5_OR_LESS
"Товары для красоты / Косметика, парфюмерия и уход / Уход за телом / Аксессуары / Носки косметические",Носки косметические,"DBS=12%, EXPRESS=5%, FBS=12%, FBY=5%",4,,,5.0,12.0,7.0,20260426_141844_marketplace-services-rates-01-04-2026.xlsx,2026-04-01,LOW_FEE_5_OR_LESS
"Товары для красоты / Косметика, парфюмерия и уход / Макияж / Для бровей / Краска для бровей и ресниц / Обезжириватели для бровей",Обезжириватели для бровей,"DBS=12%, EXPRESS=5%, FBS=12%, FBY=5%",4,,,5.0,12.0,7.0,20260426_141844_marketplace-services-rates-01-04-2026.xlsx,2026-04-01,LOW_FEE_5_OR_LESS
"Товары для красоты / Косметика, парфюмерия и уход / Уход за ногтями / Жидкости / Обезжириватели для ногтей",Обезжириватели для ногтей,"DBS=12%, EXPRESS=5%, FBS=12%, FBY=5%",4,,,5.0,12.0,7.0,20260426_141844_marketplace-services-rates-01-04-2026.xlsx,2026-04-01,LOW_FEE_5_OR_LESS
"Товары для красоты / Косметика, парфюмерия и уход / Уход за волосами / Резинки, ободки, повязки / Ободки для волос",Ободки для волос,"DBS=12%, EXPRESS=5%, FBS=12%, FBY=5%",4,,,5.0,12.0,7.0,20260426_141844_marketplace-services-rates-01-04-2026.xlsx,2026-04-01,LOW_FEE_5_OR_LESS
"Продукты / Фрукты, овощи и грибы / Овощи",Овощи,"DBS=5%, EXPRESS=21.5%, FBS=28.5%, FBY=21.5%",4,,,5.0,28.5,23.5,20260426_141844_marketplace-services-rates-01-04-2026.xlsx,2026-04-01,"LOW_FEE_5_OR_LESS, LARGE_SPREAD_20_OR_MORE"
"Продукты / Замороженные продукты / Овощи, фрукты, грибы замороженные / Овощи и смеси / Овощи замороженные",Овощи замороженные,"DBS=5%, EXPRESS=21.5%, FBS=28.5%, FBY=21.5%",4,,,5.0,28.5,23.5,20260426_141844_marketplace-services-rates-01-04-2026.xlsx,2026-04-01,"LOW_FEE_5_OR_LESS, LARGE_SPREAD_20_OR_MORE"
"Продукты / Замороженные продукты / Овощи, фрукты, грибы замороженные / Овощи и смеси",Овощи и смеси,"DBS=5%, EXPRESS=23.5%, FBS=30.5%, FBY=23.5%",4,,,5.0,30.5,25.5,20260426_141844_marketplace-services-rates-01-04-2026.xlsx,2026-04-01,"LOW_FEE_5_OR_LESS, LARGE_SPREAD_20_OR_MORE"
"Продукты / Фрукты, овощи и грибы / Овощи / Овощи свежие",Овощи свежие,"DBS=5%, EXPRESS=21.5%, FBS=28.5%, FBY=21.5%",4,,,5.0,28.5,23.5,20260426_141844_marketplace-services-rates-01-04-2026.xlsx,2026-04-01,"LOW_FEE_5_OR_LESS, LARGE_SPREAD_20_OR_MORE"
"Продукты / Замороженные продукты / Овощи, фрукты, грибы замороженные","Овощи, фрукты, грибы замороженные","DBS=5%, EXPRESS=23.5%, FBS=30.5%, FBY=23.5%",4,,,5.0,30.5,25.5,20260426_141844_marketplace-services-rates-01-04-2026.xlsx,2026-04-01,"LOW_FEE_5_OR_LESS, LARGE_SPREAD_20_OR_MORE"
Продукты / Кулинария / Вторые блюда / Овощные блюда,Овощные блюда,"DBS=5%, EXPRESS=21.5%, FBS=28.5%, FBY=21.5%",4,,,5.0,28.5,23.5,20260426_141844_marketplace-services-rates-01-04-2026.xlsx,2026-04-01,"LOW_FEE_5_OR_LESS, LARGE_SPREAD_20_OR_MORE"
"Товары для красоты / Косметика, парфюмерия и уход / Уход за волосами / Окрашивание / Окислители",Окислители,"DBS=12%, EXPRESS=5%, FBS=12%, FBY=5%",4,,,5.0,12.0,7.0,20260426_141844_marketplace-services-rates-01-04-2026.xlsx,2026-04-01,LOW_FEE_5_OR_LESS
"Товары для красоты / Косметика, парфюмерия и уход / Уход за волосами / Окрашивание / Окислители / Окислители для волос",Окислители для волос,"DBS=12%, EXPRESS=5%, FBS=12%, FBY=5%",4,,,5.0,12.0,7.0,20260426_141844_marketplace-services-rates-01-04-2026.xlsx,2026-04-01,LOW_FEE_5_OR_LESS
"Товары для красоты / Косметика, парфюмерия и уход / Макияж / Для бровей / Краска для бровей и ресниц / Окислители для краски для бровей",Окислители для краски для бровей,"DBS=12%, EXPRESS=5%, FBS=12%, FBY=5%",4,,,5.0,12.0,7.0,20260426_141844_marketplace-services-rates-01-04-2026.xlsx,2026-04-01,LOW_FEE_5_OR_LESS
"Товары для красоты / Косметика, парфюмерия и уход / Уход за волосами / Окрашивание",Окрашивание,"DBS=12%, EXPRESS=5%, FBS=12%, FBY=5%",4,,,5.0,12.0,7.0,20260426_141844_marketplace-services-rates-01-04-2026.xlsx,2026-04-01,LOW_FEE_5_OR_LESS
Продукты / Замороженные продукты / Замороженные блюда и полуфабрикаты / Готовые завтраки замороженные / Оладьи замороженные,Оладьи замороженные,"DBS=5%, EXPRESS=21.5%, FBS=28.5%, FBY=21.5%",4,,,5.0,28.5,23.5,20260426_141844_marketplace-services-rates-01-04-2026.xlsx,2026-04-01,"LOW_FEE_5_OR_LESS, LARGE_SPREAD_20_OR_MORE"
"Продукты / Кулинария / Суши, роллы / Онигири",Онигири,"DBS=5%, EXPRESS=23.5%, FBS=30.5%, FBY=23.5%",4,,,5.0,30.5,25.5,20260426_141844_marketplace-services-rates-01-04-2026.xlsx,2026-04-01,"LOW_FEE_5_OR_LESS, LARGE_SPREAD_20_OR_MORE"
"Товары для красоты / Косметика, парфюмерия и уход / Уход за волосами / Бальзамы и кондиционеры / Ополаскиватели для волос",Ополаскиватели для волос,"DBS=12%, EXPRESS=5%, FBS=12%, FBY=5%",4,,,5.0,12.0,7.0,20260426_141844_marketplace-services-rates-01-04-2026.xlsx,2026-04-01,LOW_FEE_5_OR_LESS
Товары для красоты / Средства и предметы гигиены / Полоскание и уход за полостью рта / Ополаскиватели для полости рта,Ополаскиватели для полости рта,"DBS=12%, EXPRESS=5%, FBS=12%, FBY=5%",4,,,5.0,12.0,7.0,20260426_141844_marketplace-services-rates-01-04-2026.xlsx,2026-04-01,LOW_FEE_5_OR_LESS
"Товары для красоты / Косметика, парфюмерия и уход / Макияж / Аксессуары / Кисти, спонжи и аппликаторы / Органайзеры для косметики и аксессуаров",Органайзеры для косметики и аксессуаров,"DBS=12%, EXPRESS=5%, FBS=12%, FBY=5%",4,,,5.0,12.0,7.0,20260426_141844_marketplace-services-rates-01-04-2026.xlsx,2026-04-01,LOW_FEE_5_OR_LESS
"Товары для красоты / Косметика, парфюмерия и уход / Макияж / Для бровей / Краска для бровей и ресниц / Осветлители для краски для бровей",Осветлители для краски для бровей,"DBS=12%, EXPRESS=5%, FBS=12%, FBY=5%",4,,,5.0,12.0,7.0,20260426_141844_marketplace-services-rates-01-04-2026.xlsx,2026-04-01,LOW_FEE_5_OR_LESS
"Товары для красоты / Косметика, парфюмерия и уход / Уход за волосами / Окрашивание / Окислители / Осветляющая пудра для волос",Осветляющая пудра для волос,"DBS=12%, EXPRESS=5%, FBS=12%, FBY=5%",4,,,5.0,12.0,7.0,20260426_141844_marketplace-services-rates-01-04-2026.xlsx,2026-04-01,LOW_FEE_5_OR_LESS
"Товары для красоты / Косметика, парфюмерия и уход / Макияж / Для лица / Основа и фиксаторы для макияжа",Основа и фиксаторы для макияжа,"DBS=12%, EXPRESS=5%, FBS=12%, FBY=5%",4,,,5.0,12.0,7.0,20260426_141844_marketplace-services-rates-01-04-2026.xlsx,2026-04-01,LOW_FEE_5_OR_LESS
"Товары для красоты / Косметика, парфюмерия и уход / Уход за ногтями / Инструменты для маникюра и педикюра / Основы для пилки маникюрной",Основы для пилки маникюрной,"DBS=12%, EXPRESS=5%, FBS=12%, FBY=5%",4,,,5.0,12.0,7.0,20260426_141844_marketplace-services-rates-01-04-2026.xlsx,2026-04-01,LOW_FEE_5_OR_LESS
"Продукты / Замороженные продукты / Замороженные блюда и полуфабрикаты / Тесто, основа для пиццы / Основы для пиццы",Основы для пиццы,"DBS=5%, EXPRESS=23.5%, FBS=30.5%, FBY=23.5%",4,,,5.0,30.5,25.5,20260426_141844_marketplace-services-rates-01-04-2026.xlsx,2026-04-01,"LOW_FEE_5_OR_LESS, LARGE_SPREAD_20_OR_MORE"
"Товары для красоты / Косметика, парфюмерия и уход / Макияж / Для лица / Основа и фиксаторы для макияжа / Основы под макияж",Основы под макияж,"DBS=12%, EXPRESS=5%, FBS=12%, FBY=5%",4,,,5.0,12.0,7.0,20260426_141844_marketplace-services-rates-01-04-2026.xlsx,2026-04-01,LOW_FEE_5_OR_LESS
"Товары для красоты / Косметика, парфюмерия и уход / Уход за волосами / Окрашивание / Оттеночные средства",Оттеночные средства,"DBS=12%, EXPRESS=5%, FBS=12%, FBY=5%",4,,,5.0,12.0,7.0,20260426_141844_marketplace-services-rates-01-04-2026.xlsx,2026-04-01,LOW_FEE_5_OR_LESS
"Товары для красоты / Косметика, парфюмерия и уход / Макияж / Аксессуары / Кисти, спонжи и аппликаторы / Очистители для кистей электрические",Очистители для кистей электрические,"DBS=12%, EXPRESS=5%, FBS=12%, FBY=5%",4,,,5.0,12.0,7.0,20260426_141844_marketplace-services-rates-01-04-2026.xlsx,2026-04-01,LOW_FEE_5_OR_LESS
"Товары для красоты / Косметика, парфюмерия и уход / Уход за лицом / Маски / Очищающие полоски для лица",Очищающие полоски для лица,"DBS=12%, EXPRESS=5%, FBS=12%, FBY=5%",4,,,5.0,12.0,7.0,20260426_141844_marketplace-services-rates-01-04-2026.xlsx,2026-04-01,LOW_FEE_5_OR_LESS
"Товары для красоты / Косметика, парфюмерия и уход / Уход за лицом / Очищение и снятие макияжа",Очищение и снятие макияжа,"DBS=12%, EXPRESS=5%, FBS=12%, FBY=5%",4,,,5.0,12.0,7.0,20260426_141844_marketplace-services-rates-01-04-2026.xlsx,2026-04-01,LOW_FEE_5_OR_LESS
"Товары для красоты / Косметика, парфюмерия и уход / Уход за лицом / Скрабы и пилинги / Палочки для пилинга",Палочки для пилинга,"DBS=12%, EXPRESS=5%, FBS=12%, FBY=5%",4,,,5.0,12.0,7.0,20260426_141844_marketplace-services-rates-01-04-2026.xlsx,2026-04-01,LOW_FEE_5_OR_LESS
"Товары для красоты / Косметика, парфюмерия и уход / Уход за телом / Депиляция и эпиляция / Воскоплавы и парафиновые ванны / Парафиновые ванны",Парафиновые ванны,"DBS=12%, EXPRESS=5%, FBS=12%, FBY=5%",4,,,5.0,12.0,7.0,20260426_141844_marketplace-services-rates-01-04-2026.xlsx,2026-04-01,LOW_FEE_5_OR_LESS
"Товары для красоты / Косметика, парфюмерия и уход / Уход за волосами / Парики и шиньоны / Парики",Парики,"DBS=12%, EXPRESS=5%, FBS=12%, FBY=5%",4,,,5.0,12.0,7.0,20260426_141844_marketplace-services-rates-01-04-2026.xlsx,2026-04-01,LOW_FEE_5_OR_LESS
"Товары для красоты / Косметика, парфюмерия и уход / Уход за волосами / Парики и шиньоны",Парики и шиньоны,"DBS=12%, EXPRESS=5%, FBS=12%, FBY=5%",4,,,5.0,12.0,7.0,20260426_141844_marketplace-services-rates-01-04-2026.xlsx,2026-04-01,LOW_FEE_5_OR_LESS
"Товары для красоты / Косметика, парфюмерия и уход / Парфюмерия",Парфюмерия,"DBS=12%, EXPRESS=5%, FBS=12%, FBY=5%",4,,,5.0,12.0,7.0,20260426_141844_marketplace-services-rates-01-04-2026.xlsx,2026-04-01,LOW_FEE_5_OR_LESS
"Товары для красоты / Косметика, парфюмерия и уход / Уход за телом / Депиляция и эпиляция / Шугаринг / Паста для шугаринга",Паста для шугаринга,"DBS=12%, EXPRESS=5%, FBS=12%, FBY=5%",4,,,5.0,12.0,7.0,20260426_141844_marketplace-services-rates-01-04-2026.xlsx,2026-04-01,LOW_FEE_5_OR_LESS
"Товары для красоты / Косметика, парфюмерия и уход / Уход за телом / Антицеллюлитные средства / Пасты для массажа",Пасты для массажа,"DBS=12%, EXPRESS=5%, FBS=12%, FBY=5%",4,,,5.0,12.0,7.0,20260426_141844_marketplace-services-rates-01-04-2026.xlsx,2026-04-01,LOW_FEE_5_OR_LESS
"Продукты / Мясная гастрономия / Колбасы и деликатесы / Паштеты, холодцы / Паштеты",Паштеты,"DBS=5%, EXPRESS=18.5%, FBS=25.5%, FBY=18.5%",4,,,5.0,25.5,20.5,20260426_141844_marketplace-services-rates-01-04-2026.xlsx,2026-04-01,"LOW_FEE_5_OR_LESS, LARGE_SPREAD_20_OR_MORE"
"Продукты / Мясная гастрономия / Колбасы и деликатесы / Паштеты, холодцы","Паштеты, холодцы","DBS=5%, EXPRESS=21.5%, FBS=28.5%, FBY=21.5%",4,,,5.0,28.5,23.5,20260426_141844_marketplace-services-rates-01-04-2026.xlsx,2026-04-01,"LOW_FEE_5_OR_LESS, LARGE_SPREAD_20_OR_MORE"
"Продукты / Замороженные продукты / Замороженные блюда и полуфабрикаты / Пельмени, манты, хинкали / Пельмени замороженные",Пельмени замороженные,"DBS=5%, EXPRESS=21.5%, FBS=28.5%, FBY=21.5%",4,,,5.0,28.5,23.5,20260426_141844_marketplace-services-rates-01-04-2026.xlsx,2026-04-01,"LOW_FEE_5_OR_LESS, LARGE_SPREAD_20_OR_MORE"
"Продукты / Замороженные продукты / Замороженные блюда и полуфабрикаты / Пельмени, манты, хинкали","Пельмени, манты, хинкали","DBS=5%, EXPRESS=21.5%, FBS=28.5%, FBY=21.5%",4,,,5.0,28.5,23.5,20260426_141844_marketplace-services-rates-01-04-2026.xlsx,2026-04-01,"LOW_FEE_5_OR_LESS, LARGE_SPREAD_20_OR_MORE"
"Товары для красоты / Косметика, парфюмерия и уход / Уход за ногтями / Инструменты для маникюра и педикюра / Пемза для педикюра",Пемза для педикюра,"DBS=12%, EXPRESS=5%, FBS=12%, FBY=5%",4,,,5.0,12.0,7.0,20260426_141844_marketplace-services-rates-01-04-2026.xlsx,2026-04-01,LOW_FEE_5_OR_LESS
"Товары для красоты / Косметика, парфюмерия и уход / Уход за телом / Пена, соль, масло","Пена, соль, масло","DBS=12%, EXPRESS=5%, FBS=12%, FBY=5%",4,,,5.0,12.0,7.0,20260426_141844_marketplace-services-rates-01-04-2026.xlsx,2026-04-01,LOW_FEE_5_OR_LESS
"Товары для красоты / Косметика, парфюмерия и уход / Уход за телом / Аксессуары / Перчатки косметические",Перчатки косметические,"DBS=12%, EXPRESS=5%, FBS=12%, FBY=5%",4,,,5.0,12.0,7.0,20260426_141844_marketplace-services-rates-01-04-2026.xlsx,2026-04-01,LOW_FEE_5_OR_LESS
Товары для красоты / Средства и предметы гигиены / Зубные щетки / Песочные часы для чистки зубов,Песочные часы для чистки зубов,"DBS=12%, EXPRESS=5%, FBS=12%, FBY=5%",4,,,5.0,12.0,7.0,20260426_141844_marketplace-services-rates-01-04-2026.xlsx,2026-04-01,LOW_FEE_5_OR_LESS
"Товары для красоты / Косметика, парфюмерия и уход / Уход за лицом / Скрабы и пилинги / Пилинги для лица",Пилинги для лица,"DBS=12%, EXPRESS=5%, FBS=12%, FBY=5%",4,,,5.0,12.0,7.0,20260426_141844_marketplace-services-rates-01-04-2026.xlsx,2026-04-01,LOW_FEE_5_OR_LESS
"Товары для красоты / Косметика, парфюмерия и уход / Уход за телом / Скрабы и пилинги / Пилинги для тела",Пилинги для тела,"DBS=12%, EXPRESS=5%, FBS=12%, FBY=5%",4,,,5.0,12.0,7.0,20260426_141844_marketplace-services-rates-01-04-2026.xlsx,2026-04-01,LOW_FEE_5_OR_LESS
"Товары для красоты / Косметика, парфюмерия и уход / Уход за ногтями / Пилки",Пилки,"DBS=12%, EXPRESS=5%, FBS=12%, FBY=5%",4,,,5.0,12.0,7.0,20260426_141844_marketplace-services-rates-01-04-2026.xlsx,2026-04-01,LOW_FEE_5_OR_LESS
"Товары для красоты / Косметика, парфюмерия и уход / Уход за ногтями / Пилки / Пилки для ногтей",Пилки для ногтей,"DBS=12%, EXPRESS=5%, FBS=12%, FBY=5%",4,,,5.0,12.0,7.0,20260426_141844_marketplace-services-rates-01-04-2026.xlsx,2026-04-01,LOW_FEE_5_OR_LESS
"Товары для красоты / Косметика, парфюмерия и уход / Уход за ногтями / Инструменты для маникюра и педикюра / Пилки педикюрные",Пилки педикюрные,"DBS=12%, EXPRESS=5%, FBS=12%, FBY=5%",4,,,5.0,12.0,7.0,20260426_141844_marketplace-services-rates-01-04-2026.xlsx,2026-04-01,LOW_FEE_5_OR_LESS
"Товары для красоты / Косметика, парфюмерия и уход / Уход за ногтями / Пилки / Пилки-бафы для ногтей",Пилки-бафы для ногтей,"DBS=12%, EXPRESS=5%, FBS=12%, FBY=5%",4,,,5.0,12.0,7.0,20260426_141844_marketplace-services-rates-01-04-2026.xlsx,2026-04-01,LOW_FEE_5_OR_LESS
"Товары для красоты / Косметика, парфюмерия и уход / Уход за телом / Депиляция и эпиляция / Средства для депиляции / Пилки-депиляторы",Пилки-депиляторы,"DBS=12%, EXPRESS=5%, FBS=12%, FBY=5%",4,,,5.0,12.0,7.0,20260426_141844_marketplace-services-rates-01-04-2026.xlsx,2026-04-01,LOW_FEE_5_OR_LESS
"Товары для красоты / Косметика, парфюмерия и уход / Макияж / Аксессуары / Пинцеты косметические",Пинцеты косметические,"DBS=12%, EXPRESS=5%, FBS=12%, FBY=5%",4,,,5.0,12.0,7.0,20260426_141844_marketplace-services-rates-01-04-2026.xlsx,2026-04-01,LOW_FEE_5_OR_LESS
"Товары для красоты / Косметика, парфюмерия и уход / Макияж / Аксессуары / Пинцеты косметические / Пинцеты косметические",Пинцеты косметические,"DBS=12%, EXPRESS=5%, FBS=12%, FBY=5%",4,,,5.0,12.0,7.0,20260426_141844_marketplace-services-rates-01-04-2026.xlsx,2026-04-01,LOW_FEE_5_OR_LESS
"Продукты / Кондитерские изделия / Мучные кондитерские изделия / Торты, пирожные, коржи / Пирожные",Пирожные,"DBS=5%, EXPRESS=22%, FBS=29%, FBY=22%",4,,,5.0,29.0,24.0,20260426_141844_marketplace-services-rates-01-04-2026.xlsx,2026-04-01,"LOW_FEE_5_OR_LESS, LARGE_SPREAD_20_OR_MORE"
Продукты / Замороженные продукты / Замороженные блюда и полуфабрикаты / Готовые блюда / Пиццы замороженные,Пиццы замороженные,"DBS=5%, EXPRESS=21.5%, FBS=28.5%, FBY=21.5%",4,,,5.0,28.5,23.5,20260426_141844_marketplace-services-rates-01-04-2026.xlsx,2026-04-01,"LOW_FEE_5_OR_LESS, LARGE_SPREAD_20_OR_MORE"
"Товары для красоты / Косметика, парфюмерия и уход / Уход за телом / Антицеллюлитные средства / Пластыри для похудения",Пластыри для похудения,"DBS=12%, EXPRESS=5%, FBS=12%, FBY=5%",4,,,5.0,12.0,7.0,20260426_141844_marketplace-services-rates-01-04-2026.xlsx,2026-04-01,LOW_FEE_5_OR_LESS
"Товары для красоты / Косметика, парфюмерия и уход / Макияж / Аксессуары / Мелочи для макияжа / Плойки для завивки ресниц",Плойки для завивки ресниц,"DBS=12%, EXPRESS=5%, FBS=12%, FBY=5%",4,,,5.0,12.0,7.0,20260426_141844_marketplace-services-rates-01-04-2026.xlsx,2026-04-01,LOW_FEE_5_OR_LESS
"Товары для красоты / Косметика, парфюмерия и уход / Уход за телом / Антицеллюлитные средства / Плёнки для обёртывания",Плёнки для обёртывания,"DBS=12%, EXPRESS=5%, FBS=12%, FBY=5%",4,,,5.0,12.0,7.0,20260426_141844_marketplace-services-rates-01-04-2026.xlsx,2026-04-01,LOW_FEE_5_OR_LESS
"Товары для красоты / Косметика, парфюмерия и уход / Уход за волосами / Резинки, ободки, повязки / Повязки для волос",Повязки для волос,"DBS=12%, EXPRESS=5%, FBS=12%, FBY=5%",4,,,5.0,12.0,7.0,20260426_141844_marketplace-services-rates-01-04-2026.xlsx,2026-04-01,LOW_FEE_5_OR_LESS
"Товары для красоты / Косметика, парфюмерия и уход / Уход за волосами / Резинки, ободки, повязки / Повязки для волос / Повязки косметические",Повязки косметические,"DBS=12%, EXPRESS=5%, FBS=12%, FBY=5%",4,,,5.0,12.0,7.0,20260426_141844_marketplace-services-rates-01-04-2026.xlsx,2026-04-01,LOW_FEE_5_OR_LESS
"Товары для красоты / Косметика, парфюмерия и уход / Уход за волосами / Резинки, ободки, повязки / Повязки для волос / Повязки на голову",Повязки на голову,"DBS=12%, EXPRESS=5%, FBS=12%, FBY=5%",4,,,5.0,12.0,7.0,20260426_141844_marketplace-services-rates-01-04-2026.xlsx,2026-04-01,LOW_FEE_5_OR_LESS
"Товары для красоты / Косметика, парфюмерия и уход / Макияж / Для глаз / Карандаши и подводки для глаз / Подводки для глаз",Подводки для глаз,"DBS=12%, EXPRESS=5%, FBS=12%, FBY=5%",4,,,5.0,12.0,7.0,20260426_141844_marketplace-services-rates-01-04-2026.xlsx,2026-04-01,LOW_FEE_5_OR_LESS
"Товары для красоты / Косметика, парфюмерия и уход / Ароматерапия / Аксессуары / Подставки для благовоний",Подставки для благовоний,"DBS=12%, EXPRESS=5%, FBS=12%, FBY=5%",4,,,5.0,12.0,7.0,20260426_141844_marketplace-services-rates-01-04-2026.xlsx,2026-04-01,LOW_FEE_5_OR_LESS
"Товары для красоты / Косметика, парфюмерия и уход / Уход за волосами / Парики и шиньоны / Подставки для парика",Подставки для парика,"DBS=12%, EXPRESS=5%, FBS=12%, FBY=5%",4,,,5.0,12.0,7.0,20260426_141844_marketplace-services-rates-01-04-2026.xlsx,2026-04-01,LOW_FEE_5_OR_LESS
Товары для красоты / Средства и предметы гигиены / Туалетная бумага и полотенца / Покрытия на сиденье унитаза,Покрытия на сиденье унитаза,"DBS=12%, EXPRESS=5%, FBS=12%, FBY=5%",4,,,5.0,12.0,7.0,20260426_141844_marketplace-services-rates-01-04-2026.xlsx,2026-04-01,LOW_FEE_5_OR_LESS
Товары для красоты / Средства и предметы гигиены / Полоскание и уход за полостью рта,Полоскание и уход за полостью рта,"DBS=12%, EXPRESS=5%, FBS=12%, FBY=5%",4,,,5.0,12.0,7.0,20260426_141844_marketplace-services-rates-01-04-2026.xlsx,2026-04-01,LOW_FEE_5_OR_LESS
"Товары для красоты / Косметика, парфюмерия и уход / Уход за телом / Депиляция и эпиляция / Восковая эпиляция / Полоски нетканые для депиляции",Полоски нетканые для депиляции,"DBS=12%, EXPRESS=5%, FBS=12%, FBY=5%",4,,,5.0,12.0,7.0,20260426_141844_marketplace-services-rates-01-04-2026.xlsx,2026-04-01,LOW_FEE_5_OR_LESS
Продукты / Мясная гастрономия / Мясо и полуфабрикаты / Полуфабрикаты из мяса,Полуфабрикаты из мяса,"DBS=5%, EXPRESS=21.5%, FBS=28.5%, FBY=21.5%",4,,,5.0,28.5,23.5,20260426_141844_marketplace-services-rates-01-04-2026.xlsx,2026-04-01,"LOW_FEE_5_OR_LESS, LARGE_SPREAD_20_OR_MORE"
Продукты / Замороженные продукты / Замороженные блюда и полуфабрикаты / Полуфабрикаты из мяса и птицы,Полуфабрикаты из мяса и птицы,"DBS=5%, EXPRESS=21.5%, FBS=28.5%, FBY=21.5%",4,,,5.0,28.5,23.5,20260426_141844_marketplace-services-rates-01-04-2026.xlsx,2026-04-01,"LOW_FEE_5_OR_LESS, LARGE_SPREAD_20_OR_MORE"
Продукты / Мясная гастрономия / Птица и полуфабрикаты / Полуфабрикаты из птицы,Полуфабрикаты из птицы,"DBS=5%, EXPRESS=21.5%, FBS=28.5%, FBY=21.5%",4,,,5.0,28.5,23.5,20260426_141844_marketplace-services-rates-01-04-2026.xlsx,2026-04-01,"LOW_FEE_5_OR_LESS, LARGE_SPREAD_20_OR_MORE"
Продукты / Замороженные продукты / Замороженные блюда и полуфабрикаты / Полуфабрикаты из рыбы,Полуфабрикаты из рыбы,"DBS=5%, EXPRESS=21.5%, FBS=28.5%, FBY=21.5%",4,,,5.0,28.5,23.5,20260426_141844_marketplace-services-rates-01-04-2026.xlsx,2026-04-01,"LOW_FEE_5_OR_LESS, LARGE_SPREAD_20_OR_MORE"
"Товары для красоты / Косметика, парфюмерия и уход / Макияж / Для губ / Помада",Помада,"DBS=12%, EXPRESS=5%, FBS=12%, FBY=5%",4,,,5.0,12.0,7.0,20260426_141844_marketplace-services-rates-01-04-2026.xlsx,2026-04-01,LOW_FEE_5_OR_LESS
"Товары для красоты / Косметика, парфюмерия и уход / Мужчинам / Бритвы и лезвия / Помазки",Помазки,"DBS=12%, EXPRESS=5%, FBS=12%, FBY=5%",4,,,5.0,12.0,7.0,20260426_141844_marketplace-services-rates-01-04-2026.xlsx,2026-04-01,LOW_FEE_5_OR_LESS
"Товары для красоты / Косметика, парфюмерия и уход / Уход за телом / Загар и защита от солнца / После загара",После загара,"DBS=12%, EXPRESS=5%, FBS=12%, FBY=5%",4,,,5.0,12.0,7.0,20260426_141844_marketplace-services-rates-01-04-2026.xlsx,2026-04-01,LOW_FEE_5_OR_LESS
"Товары для красоты / Косметика, парфюмерия и уход / Уход за лицом / Скрабы и пилинги / Постпилинговые средства",Постпилинговые средства,"DBS=12%, EXPRESS=5%, FBS=12%, FBY=5%",4,,,5.0,12.0,7.0,20260426_141844_marketplace-services-rates-01-04-2026.xlsx,2026-04-01,LOW_FEE_5_OR_LESS
"Товары для красоты / Косметика, парфюмерия и уход / Уход за лицом / Скрабы и пилинги / Предпилинговые средства",Предпилинговые средства,"DBS=12%, EXPRESS=5%, FBS=12%, FBY=5%",4,,,5.0,12.0,7.0,20260426_141844_marketplace-services-rates-01-04-2026.xlsx,2026-04-01,LOW_FEE_5_OR_LESS
Товары для красоты / Средства и предметы гигиены / Презервативы,Презервативы,"DBS=12%, EXPRESS=5%, FBS=12%, FBY=5%",4,,,5.0,12.0,7.0,20260426_141844_marketplace-services-rates-01-04-2026.xlsx,2026-04-01,LOW_FEE_5_OR_LESS
Товары для красоты / Средства и предметы гигиены / Презервативы / Презервативы,Презервативы,"DBS=12%, EXPRESS=5%, FBS=12%, FBY=5%",4,,,5.0,12.0,7.0,20260426_141844_marketplace-services-rates-01-04-2026.xlsx,2026-04-01,LOW_FEE_5_OR_LESS
Продукты / Рыбная гастрономия / Пресервы,Пресервы,"DBS=5%, EXPRESS=23.5%, FBS=30.5%, FBY=23.5%",4,,,5.0,30.5,25.5,20260426_141844_marketplace-services-rates-01-04-2026.xlsx,2026-04-01,"LOW_FEE_5_OR_LESS, LARGE_SPREAD_20_OR_MORE"
Продукты / Рыбная гастрономия / Пресервы / Пресервы из рыбы и морепродуктов,Пресервы из рыбы и морепродуктов,"DBS=5%, EXPRESS=21.5%, FBS=28.5%, FBY=21.5%",4,,,5.0,28.5,23.5,20260426_141844_marketplace-services-rates-01-04-2026.xlsx,2026-04-01,"LOW_FEE_5_OR_LESS, LARGE_SPREAD_20_OR_MORE"
Продукты / Диетическое и лечебное питание / Продукты на растительной основе,Продукты на растительной основе,"DBS=5%, EXPRESS=34.5%, FBS=41.5%, FBY=34.5%",4,,,5.0,41.5,36.5,20260426_141844_marketplace-services-rates-01-04-2026.xlsx,2026-04-01,"LOW_FEE_5_OR_LESS, HIGH_FEE_40_OR_MORE, LARGE_SPREAD_20_OR_MORE"
Товары для красоты / Средства и предметы гигиены / Прокладки и тампоны / Прокладки ежедневные гигиенические,Прокладки ежедневные гигиенические,"DBS=12%, EXPRESS=5%, FBS=12%, FBY=5%",4,,,5.0,12.0,7.0,20260426_141844_marketplace-services-rates-01-04-2026.xlsx,2026-04-01,LOW_FEE_5_OR_LESS
Товары для красоты / Средства и предметы гигиены / Прокладки и тампоны / Прокладки женские гигиенические,Прокладки женские гигиенические,"DBS=12%, EXPRESS=5%, FBS=12%, FBY=5%",4,,,5.0,12.0,7.0,20260426_141844_marketplace-services-rates-01-04-2026.xlsx,2026-04-01,LOW_FEE_5_OR_LESS
Товары для красоты / Средства и предметы гигиены / Прокладки и тампоны,Прокладки и тампоны,"DBS=12%, EXPRESS=5%, FBS=12%, FBY=5%",4,,,5.0,12.0,7.0,20260426_141844_marketplace-services-rates-01-04-2026.xlsx,2026-04-01,LOW_FEE_5_OR_LESS
"Продукты / Фрукты, овощи и грибы / Зелень, салаты / Проростки и микрозелень пророщенная",Проростки и микрозелень пророщенная,"DBS=5%, EXPRESS=21.5%, FBS=28.5%, FBY=21.5%",4,,,5.0,28.5,23.5,20260426_141844_marketplace-services-rates-01-04-2026.xlsx,2026-04-01,"LOW_FEE_5_OR_LESS, LARGE_SPREAD_20_OR_MORE"
"Продукты / Молочная гастрономия / Кисломолочная продукция / Ряженка, простокваша / Простокваши",Простокваши,"DBS=5%, EXPRESS=21.5%, FBS=28.5%, FBY=21.5%",4,,,5.0,28.5,23.5,20260426_141844_marketplace-services-rates-01-04-2026.xlsx,2026-04-01,"LOW_FEE_5_OR_LESS, LARGE_SPREAD_20_OR_MORE"
"Продукты / Кондитерские изделия / Мучные кондитерские изделия / Пряники, вафли / Пряники",Пряники,"DBS=5%, EXPRESS=23%, FBS=30%, FBY=23%",4,,,5.0,30.0,25.0,20260426_141844_marketplace-services-rates-01-04-2026.xlsx,2026-04-01,"LOW_FEE_5_OR_LESS, LARGE_SPREAD_20_OR_MORE"
Продукты / Замороженные продукты / Мясо и птица замороженные / Птица,Птица,"DBS=5%, EXPRESS=21.5%, FBS=28.5%, FBY=21.5%",4,,,5.0,28.5,23.5,20260426_141844_marketplace-services-rates-01-04-2026.xlsx,2026-04-01,"LOW_FEE_5_OR_LESS, LARGE_SPREAD_20_OR_MORE"
Продукты / Мясная гастрономия / Птица и полуфабрикаты / Птица,Птица,"DBS=5%, EXPRESS=21.5%, FBS=28.5%, FBY=21.5%",4,,,5.0,28.5,23.5,20260426_141844_marketplace-services-rates-01-04-2026.xlsx,2026-04-01,"LOW_FEE_5_OR_LESS, LARGE_SPREAD_20_OR_MORE"
Продукты / Мясная гастрономия / Птица и полуфабрикаты,Птица и полуфабрикаты,"DBS=5%, EXPRESS=21.5%, FBS=28.5%, FBY=21.5%",4,,,5.0,28.5,23.5,20260426_141844_marketplace-services-rates-01-04-2026.xlsx,2026-04-01,"LOW_FEE_5_OR_LESS, LARGE_SPREAD_20_OR_MORE"
"Продукты / Молочная гастрономия / Десерты, желе / Пудинги",Пудинги,"DBS=5%, EXPRESS=22.5%, FBS=29.5%, FBY=22.5%",4,,,5.0,29.5,24.5,20260426_141844_marketplace-services-rates-01-04-2026.xlsx,2026-04-01,"LOW_FEE_5_OR_LESS, LARGE_SPREAD_20_OR_MORE"
"Товары для красоты / Косметика, парфюмерия и уход / Макияж / Для лица / Пудра",Пудра,"DBS=12%, EXPRESS=5%, FBS=12%, FBY=5%",4,,,5.0,12.0,7.0,20260426_141844_marketplace-services-rates-01-04-2026.xlsx,2026-04-01,LOW_FEE_5_OR_LESS
"Товары для красоты / Косметика, парфюмерия и уход / Уход за ногтями / Наращивание ногтей / Акриловая система / Пудра акриловая для ногтей",Пудра акриловая для ногтей,"DBS=12%, EXPRESS=5%, FBS=12%, FBY=5%",4,,,5.0,12.0,7.0,20260426_141844_marketplace-services-rates-01-04-2026.xlsx,2026-04-01,LOW_FEE_5_OR_LESS
"Товары для красоты / Косметика, парфюмерия и уход / Макияж / Аксессуары / Кисти, спонжи и аппликаторы / Пуховки",Пуховки,"DBS=12%, EXPRESS=5%, FBS=12%, FBY=5%",4,,,5.0,12.0,7.0,20260426_141844_marketplace-services-rates-01-04-2026.xlsx,2026-04-01,LOW_FEE_5_OR_LESS
"Товары для красоты / Косметика, парфюмерия и уход / Уход за ногтями / Аппараты для маникюра и педикюра / Пылесосы для маникюра и педикюра",Пылесосы для маникюра и педикюра,"DBS=12%, EXPRESS=5%, FBS=12%, FBY=5%",4,,,5.0,12.0,7.0,20260426_141844_marketplace-services-rates-01-04-2026.xlsx,2026-04-01,LOW_FEE_5_OR_LESS
"Товары для красоты / Косметика, парфюмерия и уход / Уход за ногтями / Жидкости / Разбавители для гель-лака",Разбавители для гель-лака,"DBS=12%, EXPRESS=5%, FBS=12%, FBY=5%",4,,,5.0,12.0,7.0,20260426_141844_marketplace-services-rates-01-04-2026.xlsx,2026-04-01,LOW_FEE_5_OR_LESS
"Товары для красоты / Косметика, парфюмерия и уход / Уход за ногтями / Жидкости / Разбавители лака для ногтей",Разбавители лака для ногтей,"DBS=12%, EXPRESS=5%, FBS=12%, FBY=5%",4,,,5.0,12.0,7.0,20260426_141844_marketplace-services-rates-01-04-2026.xlsx,2026-04-01,LOW_FEE_5_OR_LESS
Товары для красоты / Средства и предметы гигиены / Полоскание и уход за полостью рта / Растворы для ирригатора,Растворы для ирригатора,"DBS=12%, EXPRESS=5%, FBS=12%, FBY=5%",4,,,5.0,12.0,7.0,20260426_141844_marketplace-services-rates-01-04-2026.xlsx,2026-04-01,LOW_FEE_5_OR_LESS
Продукты / Диетическое и лечебное питание / Продукты на растительной основе / Растительные молочные продукты,Растительные молочные продукты,"DBS=5%, EXPRESS=34.5%, FBS=41.5%, FBY=34.5%",4,,,5.0,41.5,36.5,20260426_141844_marketplace-services-rates-01-04-2026.xlsx,2026-04-01,"LOW_FEE_5_OR_LESS, HIGH_FEE_40_OR_MORE, LARGE_SPREAD_20_OR_MORE"
Продукты / Диетическое и лечебное питание / Продукты на растительной основе / Растительные мясные продукты,Растительные мясные продукты,"DBS=5%, EXPRESS=34%, FBS=41%, FBY=34%",4,,,5.0,41.0,36.0,20260426_141844_marketplace-services-rates-01-04-2026.xlsx,2026-04-01,"LOW_FEE_5_OR_LESS, HIGH_FEE_40_OR_MORE, LARGE_SPREAD_20_OR_MORE"
Продукты / Молочная гастрономия / Растительные напитки,Растительные напитки,"DBS=5%, EXPRESS=21.5%, FBS=28.5%, FBY=21.5%",4,,,5.0,28.5,23.5,20260426_141844_marketplace-services-rates-01-04-2026.xlsx,2026-04-01,"LOW_FEE_5_OR_LESS, LARGE_SPREAD_20_OR_MORE"
Продукты / Молочная гастрономия / Растительные напитки / Растительные напитки,Растительные напитки,"DBS=5%, EXPRESS=21.5%, FBS=28.5%, FBY=21.5%",4,,,5.0,28.5,23.5,20260426_141844_marketplace-services-rates-01-04-2026.xlsx,2026-04-01,"LOW_FEE_5_OR_LESS, LARGE_SPREAD_20_OR_MORE"
"Товары для красоты / Косметика, парфюмерия и уход / Мужчинам / Расчески и щетки для бороды и усов / Расчески для бороды",Расчески для бороды,"DBS=12%, EXPRESS=5%, FBS=12%, FBY=5%",4,,,5.0,12.0,7.0,20260426_141844_marketplace-services-rates-01-04-2026.xlsx,2026-04-01,LOW_FEE_5_OR_LESS
"Товары для красоты / Косметика, парфюмерия и уход / Уход за волосами / Расчески и щетки / Расчески для волос",Расчески для волос,"DBS=12%, EXPRESS=5%, FBS=12%, FBY=5%",4,,,5.0,12.0,7.0,20260426_141844_marketplace-services-rates-01-04-2026.xlsx,2026-04-01,LOW_FEE_5_OR_LESS
"Товары для красоты / Косметика, парфюмерия и уход / Уход за волосами / Расчески и щетки",Расчески и щетки,"DBS=12%, EXPRESS=5%, FBS=12%, FBY=5%",4,,,5.0,12.0,7.0,20260426_141844_marketplace-services-rates-01-04-2026.xlsx,2026-04-01,LOW_FEE_5_OR_LESS
"Товары для красоты / Косметика, парфюмерия и уход / Мужчинам / Расчески и щетки для бороды и усов",Расчески и щетки для бороды и усов,"DBS=12%, EXPRESS=5%, FBS=12%, FBY=5%",4,,,5.0,12.0,7.0,20260426_141844_marketplace-services-rates-01-04-2026.xlsx,2026-04-01,LOW_FEE_5_OR_LESS
"Товары для красоты / Косметика, парфюмерия и уход / Уход за волосами / Расчески и щетки / Расчески-гребни для волос",Расчески-гребни для волос,"DBS=12%, EXPRESS=5%, FBS=12%, FBY=5%",4,,,5.0,12.0,7.0,20260426_141844_marketplace-services-rates-01-04-2026.xlsx,2026-04-01,LOW_FEE_5_OR_LESS
"Товары для красоты / Косметика, парфюмерия и уход / Уход за телом / Депиляция и эпиляция / Шугаринг / Регуляторы плотности пасты для шугаринга",Регуляторы плотности пасты для шугаринга,"DBS=12%, EXPRESS=5%, FBS=12%, FBY=5%",4,,,5.0,12.0,7.0,20260426_141844_marketplace-services-rates-01-04-2026.xlsx,2026-04-01,LOW_FEE_5_OR_LESS
"Товары для красоты / Косметика, парфюмерия и уход / Уход за волосами / Резинки, ободки, повязки / Резинки для волос",Резинки для волос,"DBS=12%, EXPRESS=5%, FBS=12%, FBY=5%",4,,,5.0,12.0,7.0,20260426_141844_marketplace-services-rates-01-04-2026.xlsx,2026-04-01,LOW_FEE_5_OR_LESS
"Товары для красоты / Косметика, парфюмерия и уход / Уход за волосами / Резинки, ободки, повязки","Резинки, ободки, повязки","DBS=12%, EXPRESS=5%, FBS=12%, FBY=5%",4,,,5.0,12.0,7.0,20260426_141844_marketplace-services-rates-01-04-2026.xlsx,2026-04-01,LOW_FEE_5_OR_LESS
"Товары для красоты / Косметика, парфюмерия и уход / Макияж / Аксессуары / Ресницы и клей / Ресницы для наращивания",Ресницы для наращивания,"DBS=12%, EXPRESS=5%, FBS=12%, FBY=5%",4,,,5.0,12.0,7.0,20260426_141844_marketplace-services-rates-01-04-2026.xlsx,2026-04-01,LOW_FEE_5_OR_LESS
"Товары для красоты / Косметика, парфюмерия и уход / Макияж / Аксессуары / Ресницы и клей",Ресницы и клей,"DBS=12%, EXPRESS=5%, FBS=12%, FBY=5%",4,,,5.0,12.0,7.0,20260426_141844_marketplace-services-rates-01-04-2026.xlsx,2026-04-01,LOW_FEE_5_OR_LESS
"Товары для красоты / Косметика, парфюмерия и уход / Макияж / Аксессуары / Ресницы и клей / Ресницы накладные",Ресницы накладные,"DBS=12%, EXPRESS=5%, FBS=12%, FBY=5%",4,,,5.0,12.0,7.0,20260426_141844_marketplace-services-rates-01-04-2026.xlsx,2026-04-01,LOW_FEE_5_OR_LESS
"Продукты / Кулинария / Суши, роллы / Роллы",Роллы,"DBS=5%, EXPRESS=23.5%, FBS=30.5%, FBY=23.5%",4,,,5.0,30.5,25.5,20260426_141844_marketplace-services-rates-01-04-2026.xlsx,2026-04-01,"LOW_FEE_5_OR_LESS, LARGE_SPREAD_20_OR_MORE"
Продукты / Кондитерские изделия / Мучные кондитерские изделия / Кексы и рулеты / Рулеты,Рулеты,"DBS=5%, EXPRESS=27%, FBS=34%, FBY=27%",4,,,5.0,34.0,29.0,20260426_141844_marketplace-services-rates-01-04-2026.xlsx,2026-04-01,"LOW_FEE_5_OR_LESS, LARGE_SPREAD_20_OR_MORE"
"Товары для красоты / Косметика, парфюмерия и уход / Макияж / Для лица / Румяна и бронзеры / Румяна",Румяна,"DBS=12%, EXPRESS=5%, FBS=12%, FBY=5%",4,,,5.0,12.0,7.0,20260426_141844_marketplace-services-rates-01-04-2026.xlsx,2026-04-01,LOW_FEE_5_OR_LESS
"Товары для красоты / Косметика, парфюмерия и уход / Макияж / Для лица / Румяна и бронзеры",Румяна и бронзеры,"DBS=12%, EXPRESS=5%, FBS=12%, FBY=5%",4,,,5.0,12.0,7.0,20260426_141844_marketplace-services-rates-01-04-2026.xlsx,2026-04-01,LOW_FEE_5_OR_LESS
Продукты / Замороженные продукты / Рыба и морепродукты замороженные / Рыба,Рыба,"DBS=5%, EXPRESS=21.5%, FBS=28.5%, FBY=21.5%",4,,,5.0,28.5,23.5,20260426_141844_marketplace-services-rates-01-04-2026.xlsx,2026-04-01,"LOW_FEE_5_OR_LESS, LARGE_SPREAD_20_OR_MORE"
"Продукты / Рыбная гастрономия / Рыба, морепродукты / Рыба живая, свежая","Рыба живая, свежая","DBS=5%, EXPRESS=18.5%, FBS=25.5%, FBY=18.5%",4,,,5.0,25.5,20.5,20260426_141844_marketplace-services-rates-01-04-2026.xlsx,2026-04-01,"LOW_FEE_5_OR_LESS, LARGE_SPREAD_20_OR_MORE"
Продукты / Замороженные продукты / Рыба и морепродукты замороженные,Рыба и морепродукты замороженные,"DBS=5%, EXPRESS=21.5%, FBS=28.5%, FBY=21.5%",4,,,5.0,28.5,23.5,20260426_141844_marketplace-services-rates-01-04-2026.xlsx,2026-04-01,"LOW_FEE_5_OR_LESS, LARGE_SPREAD_20_OR_MORE"
"Продукты / Рыбная гастрономия / Рыба, морепродукты / Рыба соленая, копченая / Рыба копчёная",Рыба копчёная,"DBS=5%, EXPRESS=18.5%, FBS=25.5%, FBY=18.5%",4,,,5.0,25.5,20.5,20260426_141844_marketplace-services-rates-01-04-2026.xlsx,2026-04-01,"LOW_FEE_5_OR_LESS, LARGE_SPREAD_20_OR_MORE"
"Продукты / Рыбная гастрономия / Рыба, морепродукты / Рыба соленая, копченая","Рыба соленая, копченая","DBS=5%, EXPRESS=21.5%, FBS=28.5%, FBY=21.5%",4,,,5.0,28.5,23.5,20260426_141844_marketplace-services-rates-01-04-2026.xlsx,2026-04-01,"LOW_FEE_5_OR_LESS, LARGE_SPREAD_20_OR_MORE"
"Продукты / Рыбная гастрономия / Рыба, морепродукты / Рыба соленая, копченая / Рыба солёная",Рыба солёная,"DBS=5%, EXPRESS=21.5%, FBS=28.5%, FBY=21.5%",4,,,5.0,28.5,23.5,20260426_141844_marketplace-services-rates-01-04-2026.xlsx,2026-04-01,"LOW_FEE_5_OR_LESS, LARGE_SPREAD_20_OR_MORE"
"Продукты / Рыбная гастрономия / Рыба, морепродукты","Рыба, морепродукты","DBS=5%, EXPRESS=21.5%, FBS=28.5%, FBY=21.5%",4,,,5.0,28.5,23.5,20260426_141844_marketplace-services-rates-01-04-2026.xlsx,2026-04-01,"LOW_FEE_5_OR_LESS, LARGE_SPREAD_20_OR_MORE"
Продукты / Рыбная гастрономия,Рыбная гастрономия,"DBS=5%, EXPRESS=23.5%, FBS=30.5%, FBY=23.5%",4,,,5.0,30.5,25.5,20260426_141844_marketplace-services-rates-01-04-2026.xlsx,2026-04-01,"LOW_FEE_5_OR_LESS, LARGE_SPREAD_20_OR_MORE"
Продукты / Кулинария / Вторые блюда / Рыбные блюда,Рыбные блюда,"DBS=5%, EXPRESS=21.5%, FBS=28.5%, FBY=21.5%",4,,,5.0,28.5,23.5,20260426_141844_marketplace-services-rates-01-04-2026.xlsx,2026-04-01,"LOW_FEE_5_OR_LESS, LARGE_SPREAD_20_OR_MORE"
"Продукты / Молочная гастрономия / Кисломолочная продукция / Ряженка, простокваша","Ряженка, простокваша","DBS=5%, EXPRESS=21.5%, FBS=28.5%, FBY=21.5%",4,,,5.0,28.5,23.5,20260426_141844_marketplace-services-rates-01-04-2026.xlsx,2026-04-01,"LOW_FEE_5_OR_LESS, LARGE_SPREAD_20_OR_MORE"
"Продукты / Молочная гастрономия / Кисломолочная продукция / Ряженка, простокваша / Ряженки",Ряженки,"DBS=5%, EXPRESS=21.5%, FBS=28.5%, FBY=21.5%",4,,,5.0,28.5,23.5,20260426_141844_marketplace-services-rates-01-04-2026.xlsx,2026-04-01,"LOW_FEE_5_OR_LESS, LARGE_SPREAD_20_OR_MORE"
Продукты / Кулинария / Салаты,Салаты,"DBS=5%, EXPRESS=20.5%, FBS=27.5%, FBY=20.5%",4,,,5.0,27.5,22.5,20260426_141844_marketplace-services-rates-01-04-2026.xlsx,2026-04-01,"LOW_FEE_5_OR_LESS, LARGE_SPREAD_20_OR_MORE"
Продукты / Кулинария / Салаты / Салаты готовые охлажденные,Салаты готовые охлажденные,"DBS=5%, EXPRESS=20.5%, FBS=27.5%, FBY=20.5%",4,,,5.0,27.5,22.5,20260426_141844_marketplace-services-rates-01-04-2026.xlsx,2026-04-01,"LOW_FEE_5_OR_LESS, LARGE_SPREAD_20_OR_MORE"
"Продукты / Рыбная гастрономия / Пресервы / Салаты, закуски / Салаты из водорослей",Салаты из водорослей,"DBS=5%, EXPRESS=23.5%, FBS=30.5%, FBY=23.5%",4,,,5.0,30.5,25.5,20260426_141844_marketplace-services-rates-01-04-2026.xlsx,2026-04-01,"LOW_FEE_5_OR_LESS, LARGE_SPREAD_20_OR_MORE"
"Продукты / Фрукты, овощи и грибы / Зелень, салаты / Салаты листовые",Салаты листовые,"DBS=5%, EXPRESS=21.5%, FBS=28.5%, FBY=21.5%",4,,,5.0,28.5,23.5,20260426_141844_marketplace-services-rates-01-04-2026.xlsx,2026-04-01,"LOW_FEE_5_OR_LESS, LARGE_SPREAD_20_OR_MORE"
"Продукты / Рыбная гастрономия / Пресервы / Салаты, закуски","Салаты, закуски","DBS=5%, EXPRESS=23.5%, FBS=30.5%, FBY=23.5%",4,,,5.0,30.5,25.5,20260426_141844_marketplace-services-rates-01-04-2026.xlsx,2026-04-01,"LOW_FEE_5_OR_LESS, LARGE_SPREAD_20_OR_MORE"
"Продукты / Мясная гастрономия / Колбасы и деликатесы / Сосиски, сардельки, колбаски / Сардельки",Сардельки,"DBS=5%, EXPRESS=21.5%, FBS=28.5%, FBY=21.5%",4,,,5.0,28.5,23.5,20260426_141844_marketplace-services-rates-01-04-2026.xlsx,2026-04-01,"LOW_FEE_5_OR_LESS, LARGE_SPREAD_20_OR_MORE"
Продукты / Молочная гастрономия / Молочные консервы / Сгущённое молоко,Сгущённое молоко,"DBS=5%, EXPRESS=18.5%, FBS=25.5%, FBY=18.5%",4,,,5.0,25.5,20.5,20260426_141844_marketplace-services-rates-01-04-2026.xlsx,2026-04-01,"LOW_FEE_5_OR_LESS, LARGE_SPREAD_20_OR_MORE"
"Товары для красоты / Косметика, парфюмерия и уход / Уход за волосами / Парики и шиньоны / Сетки для волос под парик",Сетки для волос под парик,"DBS=12%, EXPRESS=5%, FBS=12%, FBY=5%",4,,,5.0,12.0,7.0,20260426_141844_marketplace-services-rates-01-04-2026.xlsx,2026-04-01,LOW_FEE_5_OR_LESS
"Товары для красоты / Косметика, парфюмерия и уход / Уход за волосами / Резинки, ободки, повязки / Сеточки для волос",Сеточки для волос,"DBS=12%, EXPRESS=5%, FBS=12%, FBY=5%",4,,,5.0,12.0,7.0,20260426_141844_marketplace-services-rates-01-04-2026.xlsx,2026-04-01,LOW_FEE_5_OR_LESS
Товары для красоты / Средства и предметы гигиены / Полоскание и уход за полостью рта / Средства для отбеливания зубов / Системы отбеливания зубов,Системы отбеливания зубов,"DBS=12%, EXPRESS=5%, FBS=12%, FBY=5%",4,,,5.0,12.0,7.0,20260426_141844_marketplace-services-rates-01-04-2026.xlsx,2026-04-01,LOW_FEE_5_OR_LESS
"Товары для красоты / Косметика, парфюмерия и уход / Уход за лицом / Скрабы и пилинги / Скрабы для лица",Скрабы для лица,"DBS=12%, EXPRESS=5%, FBS=12%, FBY=5%",4,,,5.0,12.0,7.0,20260426_141844_marketplace-services-rates-01-04-2026.xlsx,2026-04-01,LOW_FEE_5_OR_LESS
"Товары для красоты / Косметика, парфюмерия и уход / Уход за телом / Скрабы и пилинги / Скрабы для тела",Скрабы для тела,"DBS=12%, EXPRESS=5%, FBS=12%, FBY=5%",4,,,5.0,12.0,7.0,20260426_141844_marketplace-services-rates-01-04-2026.xlsx,2026-04-01,LOW_FEE_5_OR_LESS
"Товары для красоты / Косметика, парфюмерия и уход / Уход за лицом / Скрабы и пилинги",Скрабы и пилинги,"DBS=12%, EXPRESS=5%, FBS=12%, FBY=5%",4,,,5.0,12.0,7.0,20260426_141844_marketplace-services-rates-01-04-2026.xlsx,2026-04-01,LOW_FEE_5_OR_LESS
"Товары для красоты / Косметика, парфюмерия и уход / Уход за телом / Скрабы и пилинги",Скрабы и пилинги,"DBS=12%, EXPRESS=5%, FBS=12%, FBY=5%",4,,,5.0,12.0,7.0,20260426_141844_marketplace-services-rates-01-04-2026.xlsx,2026-04-01,LOW_FEE_5_OR_LESS
Товары для красоты / Средства и предметы гигиены / Зубные щетки / Скребки для языка,Скребки для языка,"DBS=12%, EXPRESS=5%, FBS=12%, FBY=5%",4,,,5.0,12.0,7.0,20260426_141844_marketplace-services-rates-01-04-2026.xlsx,2026-04-01,LOW_FEE_5_OR_LESS
"Товары для красоты / Косметика, парфюмерия и уход / Макияж / Для лица / Хайлайтеры и контуринг / Скульпторы для лица",Скульпторы для лица,"DBS=12%, EXPRESS=5%, FBS=12%, FBY=5%",4,,,5.0,12.0,7.0,20260426_141844_marketplace-services-rates-01-04-2026.xlsx,2026-04-01,LOW_FEE_5_OR_LESS
Продукты / Молочная гастрономия / Масло и маргарин / Сливочное масло,Сливочное масло,"DBS=5%, EXPRESS=21.5%, FBS=28.5%, FBY=21.5%",4,,,5.0,28.5,23.5,20260426_141844_marketplace-services-rates-01-04-2026.xlsx,2026-04-01,"LOW_FEE_5_OR_LESS, LARGE_SPREAD_20_OR_MORE"
"Товары для красоты / Косметика, парфюмерия и уход / Уход за телом / Депиляция и эпиляция / Восковая эпиляция / Сменные головки для воскового картриджа",Сменные головки для воскового картриджа,"DBS=12%, EXPRESS=5%, FBS=12%, FBY=5%",4,,,5.0,12.0,7.0,20260426_141844_marketplace-services-rates-01-04-2026.xlsx,2026-04-01,LOW_FEE_5_OR_LESS
"Товары для красоты / Косметика, парфюмерия и уход / Мужчинам / Бритвы и лезвия / Сменные кассеты для мужских бритв",Сменные кассеты для мужских бритв,"DBS=12%, EXPRESS=5%, FBS=12%, FBY=5%",4,,,5.0,12.0,7.0,20260426_141844_marketplace-services-rates-01-04-2026.xlsx,2026-04-01,LOW_FEE_5_OR_LESS
"Товары для красоты / Косметика, парфюмерия и уход / Уход за ногтями / Аппараты для маникюра и педикюра / Сменные насадки для пилки для ногтей",Сменные насадки для пилки для ногтей,"DBS=12%, EXPRESS=5%, FBS=12%, FBY=5%",4,,,5.0,12.0,7.0,20260426_141844_marketplace-services-rates-01-04-2026.xlsx,2026-04-01,LOW_FEE_5_OR_LESS
"Товары для красоты / Косметика, парфюмерия и уход / Уход за ногтями / Аппараты для маникюра и педикюра / Сменные насадки для роликовой пилки",Сменные насадки для роликовой пилки,"DBS=12%, EXPRESS=5%, FBS=12%, FBY=5%",4,,,5.0,12.0,7.0,20260426_141844_marketplace-services-rates-01-04-2026.xlsx,2026-04-01,LOW_FEE_5_OR_LESS
"Товары для красоты / Косметика, парфюмерия и уход / Уход за ногтями / Инструменты для маникюра и педикюра / Сменные файлы для пилки",Сменные файлы для пилки,"DBS=12%, EXPRESS=5%, FBS=12%, FBY=5%",4,,,5.0,12.0,7.0,20260426_141844_marketplace-services-rates-01-04-2026.xlsx,2026-04-01,LOW_FEE_5_OR_LESS
Продукты / Кулинария / Салаты / Смеси для окрошки,Смеси для окрошки,"DBS=5%, EXPRESS=20.5%, FBS=27.5%, FBY=20.5%",4,,,5.0,27.5,22.5,20260426_141844_marketplace-services-rates-01-04-2026.xlsx,2026-04-01,"LOW_FEE_5_OR_LESS, LARGE_SPREAD_20_OR_MORE"
"Продукты / Замороженные продукты / Овощи, фрукты, грибы замороженные / Овощи и смеси / Смеси овощные замороженные",Смеси овощные замороженные,"DBS=5%, EXPRESS=23.5%, FBS=30.5%, FBY=23.5%",4,,,5.0,30.5,25.5,20260426_141844_marketplace-services-rates-01-04-2026.xlsx,2026-04-01,"LOW_FEE_5_OR_LESS, LARGE_SPREAD_20_OR_MORE"
"Товары для красоты / Косметика, парфюмерия и уход / Ароматерапия / Эфирные масла / Смеси эфирных масел",Смеси эфирных масел,"DBS=12%, EXPRESS=5%, FBS=12%, FBY=5%",4,,,5.0,12.0,7.0,20260426_141844_marketplace-services-rates-01-04-2026.xlsx,2026-04-01,LOW_FEE_5_OR_LESS
Продукты / Молочная гастрономия / Сметана,Сметана,"DBS=5%, EXPRESS=21.5%, FBS=28.5%, FBY=21.5%",4,,,5.0,28.5,23.5,20260426_141844_marketplace-services-rates-01-04-2026.xlsx,2026-04-01,"LOW_FEE_5_OR_LESS, LARGE_SPREAD_20_OR_MORE"
Продукты / Молочная гастрономия / Сметана / Сметана,Сметана,"DBS=5%, EXPRESS=21.5%, FBS=28.5%, FBY=21.5%",4,,,5.0,28.5,23.5,20260426_141844_marketplace-services-rates-01-04-2026.xlsx,2026-04-01,"LOW_FEE_5_OR_LESS, LARGE_SPREAD_20_OR_MORE"
Продукты / Молочная гастрономия / Сметана / Сметанные продукты,Сметанные продукты,"DBS=5%, EXPRESS=21.5%, FBS=28.5%, FBY=21.5%",4,,,5.0,28.5,23.5,20260426_141844_marketplace-services-rates-01-04-2026.xlsx,2026-04-01,"LOW_FEE_5_OR_LESS, LARGE_SPREAD_20_OR_MORE"
"Товары для красоты / Косметика, парфюмерия и уход / Уход за волосами / Окрашивание / Краска / Смывки краски для волос",Смывки краски для волос,"DBS=12%, EXPRESS=5%, FBS=12%, FBY=5%",4,,,5.0,12.0,7.0,20260426_141844_marketplace-services-rates-01-04-2026.xlsx,2026-04-01,LOW_FEE_5_OR_LESS
Продукты / Молочная гастрономия / Кисломолочная продукция / Кефир / Снежки,Снежки,"DBS=5%, EXPRESS=21.5%, FBS=28.5%, FBY=21.5%",4,,,5.0,28.5,23.5,20260426_141844_marketplace-services-rates-01-04-2026.xlsx,2026-04-01,"LOW_FEE_5_OR_LESS, LARGE_SPREAD_20_OR_MORE"
Продукты / Кулинария / Соленые овощи и грибы,Соленые овощи и грибы,"DBS=5%, EXPRESS=18.5%, FBS=25.5%, FBY=18.5%",4,,,5.0,25.5,20.5,20260426_141844_marketplace-services-rates-01-04-2026.xlsx,2026-04-01,"LOW_FEE_5_OR_LESS, LARGE_SPREAD_20_OR_MORE"
"Товары для красоты / Косметика, парфюмерия и уход / Уход за телом / Загар и защита от солнца / Средства для загара и защиты от солнца / Солнцезащитные средства для тела",Солнцезащитные средства для тела,"DBS=12%, EXPRESS=5%, FBS=12%, FBY=5%",4,,,5.0,12.0,7.0,20260426_141844_marketplace-services-rates-01-04-2026.xlsx,2026-04-01,LOW_FEE_5_OR_LESS
Товары для красоты / Техника для красоты / Солярии,Солярии,"DBS=12%, EXPRESS=5%, FBS=12%, FBY=5%",4,,,5.0,12.0,7.0,20260426_141844_marketplace-services-rates-01-04-2026.xlsx,2026-04-01,LOW_FEE_5_OR_LESS
Товары для красоты / Техника для красоты / Солярии / Солярии,Солярии,"DBS=12%, EXPRESS=5%, FBS=12%, FBY=5%",4,,,5.0,12.0,7.0,20260426_141844_marketplace-services-rates-01-04-2026.xlsx,2026-04-01,LOW_FEE_5_OR_LESS
"Продукты / Мясная гастрономия / Колбасы и деликатесы / Сосиски, сардельки, колбаски / Сосиски",Сосиски,"DBS=5%, EXPRESS=21.5%, FBS=28.5%, FBY=21.5%",4,,,5.0,28.5,23.5,20260426_141844_marketplace-services-rates-01-04-2026.xlsx,2026-04-01,"LOW_FEE_5_OR_LESS, LARGE_SPREAD_20_OR_MORE"
"Продукты / Мясная гастрономия / Колбасы и деликатесы / Сосиски, сардельки, колбаски","Сосиски, сардельки, колбаски","DBS=5%, EXPRESS=21.5%, FBS=28.5%, FBY=21.5%",4,,,5.0,28.5,23.5,20260426_141844_marketplace-services-rates-01-04-2026.xlsx,2026-04-01,"LOW_FEE_5_OR_LESS, LARGE_SPREAD_20_OR_MORE"
"Продукты / Бакалейные товары / Соусы, кетчупы / Соусы",Соусы,"DBS=5%, EXPRESS=18.5%, FBS=25.5%, FBY=18.5%",4,,,5.0,25.5,20.5,20260426_141844_marketplace-services-rates-01-04-2026.xlsx,2026-04-01,"LOW_FEE_5_OR_LESS, LARGE_SPREAD_20_OR_MORE"
"Продукты / Бакалейные товары / Соусы, кетчупы / Соусы / Соусы",Соусы,"DBS=5%, EXPRESS=18.5%, FBS=25.5%, FBY=18.5%",4,,,5.0,25.5,20.5,20260426_141844_marketplace-services-rates-01-04-2026.xlsx,2026-04-01,"LOW_FEE_5_OR_LESS, LARGE_SPREAD_20_OR_MORE"
Продукты / Молочная гастрономия / Майонез / Соусы майонезные,Соусы майонезные,"DBS=5%, EXPRESS=18.5%, FBS=25.5%, FBY=18.5%",4,,,5.0,25.5,20.5,20260426_141844_marketplace-services-rates-01-04-2026.xlsx,2026-04-01,"LOW_FEE_5_OR_LESS, LARGE_SPREAD_20_OR_MORE"
"Товары для красоты / Косметика, парфюмерия и уход / Макияж / Аксессуары / Кисти, спонжи и аппликаторы / Спонжи косметические",Спонжи косметические,"DBS=12%, EXPRESS=5%, FBS=12%, FBY=5%",4,,,5.0,12.0,7.0,20260426_141844_marketplace-services-rates-01-04-2026.xlsx,2026-04-01,LOW_FEE_5_OR_LESS
Продукты / Молочная гастрономия / Масло и маргарин / Спреды,Спреды,"DBS=5%, EXPRESS=21.5%, FBS=28.5%, FBY=21.5%",4,,,5.0,28.5,23.5,20260426_141844_marketplace-services-rates-01-04-2026.xlsx,2026-04-01,"LOW_FEE_5_OR_LESS, LARGE_SPREAD_20_OR_MORE"
Товары для красоты / Средства и предметы гигиены / Полоскание и уход за полостью рта / Спреи для полости рта,Спреи для полости рта,"DBS=12%, EXPRESS=5%, FBS=12%, FBY=5%",4,,,5.0,12.0,7.0,20260426_141844_marketplace-services-rates-01-04-2026.xlsx,2026-04-01,LOW_FEE_5_OR_LESS
"Товары для красоты / Косметика, парфюмерия и уход / Уход за телом / Антицеллюлитные средства / Средства антицеллюлитные",Средства антицеллюлитные,"DBS=12%, EXPRESS=5%, FBS=12%, FBY=5%",4,,,5.0,12.0,7.0,20260426_141844_marketplace-services-rates-01-04-2026.xlsx,2026-04-01,LOW_FEE_5_OR_LESS
"Товары для красоты / Косметика, парфюмерия и уход / Уход за телом / Загар и защита от солнца / Автозагар и средства для солярия / Средства для автозагара",Средства для автозагара,"DBS=12%, EXPRESS=5%, FBS=12%, FBY=5%",4,,,5.0,12.0,7.0,20260426_141844_marketplace-services-rates-01-04-2026.xlsx,2026-04-01,LOW_FEE_5_OR_LESS
"Товары для красоты / Косметика, парфюмерия и уход / Мужчинам / Средства для бритья",Средства для бритья,"DBS=12%, EXPRESS=5%, FBS=12%, FBY=5%",4,,,5.0,12.0,7.0,20260426_141844_marketplace-services-rates-01-04-2026.xlsx,2026-04-01,LOW_FEE_5_OR_LESS
"Товары для красоты / Косметика, парфюмерия и уход / Мужчинам / Средства для бритья / Средства для бритья",Средства для бритья,"DBS=12%, EXPRESS=5%, FBS=12%, FBY=5%",4,,,5.0,12.0,7.0,20260426_141844_marketplace-services-rates-01-04-2026.xlsx,2026-04-01,LOW_FEE_5_OR_LESS
"Товары для красоты / Косметика, парфюмерия и уход / Уход за телом / Депиляция и эпиляция / Средства для депиляции",Средства для депиляции,"DBS=12%, EXPRESS=5%, FBS=12%, FBY=5%",4,,,5.0,12.0,7.0,20260426_141844_marketplace-services-rates-01-04-2026.xlsx,2026-04-01,LOW_FEE_5_OR_LESS
"Товары для красоты / Косметика, парфюмерия и уход / Уход за телом / Депиляция и эпиляция / Средства для депиляции / Средства для депиляции",Средства для депиляции,"DBS=12%, EXPRESS=5%, FBS=12%, FBY=5%",4,,,5.0,12.0,7.0,20260426_141844_marketplace-services-rates-01-04-2026.xlsx,2026-04-01,LOW_FEE_5_OR_LESS
"Товары для красоты / Косметика, парфюмерия и уход / Уход за телом / Загар и защита от солнца / Средства для загара и защиты от солнца",Средства для загара и защиты от солнца,"DBS=12%, EXPRESS=5%, FBS=12%, FBY=5%",4,,,5.0,12.0,7.0,20260426_141844_marketplace-services-rates-01-04-2026.xlsx,2026-04-01,LOW_FEE_5_OR_LESS
"Товары для красоты / Косметика, парфюмерия и уход / Уход за волосами / Химическая завивка и выпрямление / Средства для защиты волос перед химической завивкой",Средства для защиты волос перед химической завивкой,"DBS=12%, EXPRESS=5%, FBS=12%, FBY=5%",4,,,5.0,12.0,7.0,20260426_141844_marketplace-services-rates-01-04-2026.xlsx,2026-04-01,LOW_FEE_5_OR_LESS
"Товары для красоты / Косметика, парфюмерия и уход / Уход за волосами / Окрашивание / Краска / Средства для защиты кожи",Средства для защиты кожи,"DBS=12%, EXPRESS=5%, FBS=12%, FBY=5%",4,,,5.0,12.0,7.0,20260426_141844_marketplace-services-rates-01-04-2026.xlsx,2026-04-01,LOW_FEE_5_OR_LESS
"Товары для красоты / Косметика, парфюмерия и уход / Макияж / Для бровей / Краска для бровей и ресниц / Средства для защиты кожи при окрашивании бровей",Средства для защиты кожи при окрашивании бровей,"DBS=12%, EXPRESS=5%, FBS=12%, FBY=5%",4,,,5.0,12.0,7.0,20260426_141844_marketplace-services-rates-01-04-2026.xlsx,2026-04-01,LOW_FEE_5_OR_LESS
Товары для красоты / Средства и предметы гигиены / Полоскание и уход за полостью рта / Средства для отбеливания зубов / Средства для зубов отбеливающие,Средства для зубов отбеливающие,"DBS=12%, EXPRESS=5%, FBS=12%, FBY=5%",4,,,5.0,12.0,7.0,20260426_141844_marketplace-services-rates-01-04-2026.xlsx,2026-04-01,LOW_FEE_5_OR_LESS
Товары для красоты / Средства и предметы гигиены / Полоскание и уход за полостью рта / Средства для индикации зубного налета,Средства для индикации зубного налета,"DBS=12%, EXPRESS=5%, FBS=12%, FBY=5%",4,,,5.0,12.0,7.0,20260426_141844_marketplace-services-rates-01-04-2026.xlsx,2026-04-01,LOW_FEE_5_OR_LESS
Товары для красоты / Средства и предметы гигиены / Средства для интимной гигиены,Средства для интимной гигиены,"DBS=12%, EXPRESS=5%, FBS=12%, FBY=5%",4,,,5.0,12.0,7.0,20260426_141844_marketplace-services-rates-01-04-2026.xlsx,2026-04-01,LOW_FEE_5_OR_LESS
"Товары для красоты / Косметика, парфюмерия и уход / Уход за волосами / Химическая завивка и выпрямление / Средства для ламинирования волос",Средства для ламинирования волос,"DBS=12%, EXPRESS=5%, FBS=12%, FBY=5%",4,,,5.0,12.0,7.0,20260426_141844_marketplace-services-rates-01-04-2026.xlsx,2026-04-01,LOW_FEE_5_OR_LESS
"Товары для красоты / Косметика, парфюмерия и уход / Макияж / Аксессуары / Ресницы и клей / Средства для ламинирования ресниц",Средства для ламинирования ресниц,"DBS=12%, EXPRESS=5%, FBS=12%, FBY=5%",4,,,5.0,12.0,7.0,20260426_141844_marketplace-services-rates-01-04-2026.xlsx,2026-04-01,LOW_FEE_5_OR_LESS
"Товары для красоты / Косметика, парфюмерия и уход / Макияж / Аксессуары / Ресницы и клей / Средства для наращивания ресниц",Средства для наращивания ресниц,"DBS=12%, EXPRESS=5%, FBS=12%, FBY=5%",4,,,5.0,12.0,7.0,20260426_141844_marketplace-services-rates-01-04-2026.xlsx,2026-04-01,LOW_FEE_5_OR_LESS
"Товары для красоты / Косметика, парфюмерия и уход / Макияж / Для бровей / Краска для бровей и ресниц / Средства для окрашивания бровей",Средства для окрашивания бровей,"DBS=12%, EXPRESS=5%, FBS=12%, FBY=5%",4,,,5.0,12.0,7.0,20260426_141844_marketplace-services-rates-01-04-2026.xlsx,2026-04-01,LOW_FEE_5_OR_LESS
Товары для красоты / Средства и предметы гигиены / Полоскание и уход за полостью рта / Средства для отбеливания зубов,Средства для отбеливания зубов,"DBS=12%, EXPRESS=5%, FBS=12%, FBY=5%",4,,,5.0,12.0,7.0,20260426_141844_marketplace-services-rates-01-04-2026.xlsx,2026-04-01,LOW_FEE_5_OR_LESS
"Товары для красоты / Косметика, парфюмерия и уход / Уход за телом / Депиляция и эпиляция / Воскоплавы и парафиновые ванны / Средства для очистки воска",Средства для очистки воска,"DBS=12%, EXPRESS=5%, FBS=12%, FBY=5%",4,,,5.0,12.0,7.0,20260426_141844_marketplace-services-rates-01-04-2026.xlsx,2026-04-01,LOW_FEE_5_OR_LESS
"Товары для красоты / Косметика, парфюмерия и уход / Макияж / Аксессуары / Кисти, спонжи и аппликаторы / Средства для очищения косметических принадлежностей",Средства для очищения косметических принадлежностей,"DBS=12%, EXPRESS=5%, FBS=12%, FBY=5%",4,,,5.0,12.0,7.0,20260426_141844_marketplace-services-rates-01-04-2026.xlsx,2026-04-01,LOW_FEE_5_OR_LESS
"Товары для красоты / Косметика, парфюмерия и уход / Уход за волосами / Химическая завивка и выпрямление / Средства для перманентного выпрямления волос",Средства для перманентного выпрямления волос,"DBS=12%, EXPRESS=5%, FBS=12%, FBY=5%",4,,,5.0,12.0,7.0,20260426_141844_marketplace-services-rates-01-04-2026.xlsx,2026-04-01,LOW_FEE_5_OR_LESS
"Товары для красоты / Косметика, парфюмерия и уход / Макияж / Для бровей / Краска для бровей и ресниц / Средства для снятия краски для бровей",Средства для снятия краски для бровей,"DBS=12%, EXPRESS=5%, FBS=12%, FBY=5%",4,,,5.0,12.0,7.0,20260426_141844_marketplace-services-rates-01-04-2026.xlsx,2026-04-01,LOW_FEE_5_OR_LESS
"Товары для красоты / Косметика, парфюмерия и уход / Уход за ногтями / Средства для снятия лака",Средства для снятия лака,"DBS=12%, EXPRESS=5%, FBS=12%, FBY=5%",4,,,5.0,12.0,7.0,20260426_141844_marketplace-services-rates-01-04-2026.xlsx,2026-04-01,LOW_FEE_5_OR_LESS
"Товары для красоты / Косметика, парфюмерия и уход / Уход за лицом / Очищение и снятие макияжа / Средства для снятия макияжа",Средства для снятия макияжа,"DBS=12%, EXPRESS=5%, FBS=12%, FBY=5%",4,,,5.0,12.0,7.0,20260426_141844_marketplace-services-rates-01-04-2026.xlsx,2026-04-01,LOW_FEE_5_OR_LESS
"Товары для красоты / Косметика, парфюмерия и уход / Уход за волосами / Окрашивание / Краска / Средства для удаления краски с кожи",Средства для удаления краски с кожи,"DBS=12%, EXPRESS=5%, FBS=12%, FBY=5%",4,,,5.0,12.0,7.0,20260426_141844_marketplace-services-rates-01-04-2026.xlsx,2026-04-01,LOW_FEE_5_OR_LESS
"Товары для красоты / Косметика, парфюмерия и уход / Уход за лицом / Очищение и снятие макияжа / Средства для умывания",Средства для умывания,"DBS=12%, EXPRESS=5%, FBS=12%, FBY=5%",4,,,5.0,12.0,7.0,20260426_141844_marketplace-services-rates-01-04-2026.xlsx,2026-04-01,LOW_FEE_5_OR_LESS
"Товары для красоты / Косметика, парфюмерия и уход / Мужчинам / Для бороды и усов / Средства для ухода за бородой",Средства для ухода за бородой,"DBS=12%, EXPRESS=5%, FBS=12%, FBY=5%",4,,,5.0,12.0,7.0,20260426_141844_marketplace-services-rates-01-04-2026.xlsx,2026-04-01,LOW_FEE_5_OR_LESS
"Товары для красоты / Косметика, парфюмерия и уход / Уход за лицом / Кремы и сыворотки / Средства для ухода за лицом",Средства для ухода за лицом,"DBS=12%, EXPRESS=5%, FBS=12%, FBY=5%",4,,,5.0,12.0,7.0,20260426_141844_marketplace-services-rates-01-04-2026.xlsx,2026-04-01,LOW_FEE_5_OR_LESS
Товары для красоты / Средства и предметы гигиены / Полоскание и уход за полостью рта / Средства для фиксации протезов,Средства для фиксации протезов,"DBS=12%, EXPRESS=5%, FBS=12%, FBY=5%",4,,,5.0,12.0,7.0,20260426_141844_marketplace-services-rates-01-04-2026.xlsx,2026-04-01,LOW_FEE_5_OR_LESS
"Товары для красоты / Косметика, парфюмерия и уход / Уход за волосами / Химическая завивка и выпрямление / Средства для химической завивки волос",Средства для химической завивки волос,"DBS=12%, EXPRESS=5%, FBS=12%, FBY=5%",4,,,5.0,12.0,7.0,20260426_141844_marketplace-services-rates-01-04-2026.xlsx,2026-04-01,LOW_FEE_5_OR_LESS
Товары для красоты / Средства и предметы гигиены / Полоскание и уход за полостью рта / Средства для чистки протезов,Средства для чистки протезов,"DBS=12%, EXPRESS=5%, FBS=12%, FBY=5%",4,,,5.0,12.0,7.0,20260426_141844_marketplace-services-rates-01-04-2026.xlsx,2026-04-01,LOW_FEE_5_OR_LESS
"Товары для красоты / Косметика, парфюмерия и уход / Уход за телом / Депиляция и эпиляция / Средства до и после депиляции / Средства до депиляции",Средства до депиляции,"DBS=12%, EXPRESS=5%, FBS=12%, FBY=5%",4,,,5.0,12.0,7.0,20260426_141844_marketplace-services-rates-01-04-2026.xlsx,2026-04-01,LOW_FEE_5_OR_LESS
"Товары для красоты / Косметика, парфюмерия и уход / Уход за телом / Депиляция и эпиляция / Средства до и после депиляции",Средства до и после депиляции,"DBS=12%, EXPRESS=5%, FBS=12%, FBY=5%",4,,,5.0,12.0,7.0,20260426_141844_marketplace-services-rates-01-04-2026.xlsx,2026-04-01,LOW_FEE_5_OR_LESS
Товары для красоты / Средства и предметы гигиены,Средства и предметы гигиены,"DBS=12%, EXPRESS=5%, FBS=12%, FBY=5%",4,,,5.0,12.0,7.0,20260426_141844_marketplace-services-rates-01-04-2026.xlsx,2026-04-01,LOW_FEE_5_OR_LESS
"Товары для красоты / Косметика, парфюмерия и уход / Мужчинам / Средства для бритья / Средства после бритья",Средства после бритья,"DBS=12%, EXPRESS=5%, FBS=12%, FBY=5%",4,,,5.0,12.0,7.0,20260426_141844_marketplace-services-rates-01-04-2026.xlsx,2026-04-01,LOW_FEE_5_OR_LESS
"Товары для красоты / Косметика, парфюмерия и уход / Уход за телом / Депиляция и эпиляция / Средства до и после депиляции / Средства после депиляции",Средства после депиляции,"DBS=12%, EXPRESS=5%, FBS=12%, FBY=5%",4,,,5.0,12.0,7.0,20260426_141844_marketplace-services-rates-01-04-2026.xlsx,2026-04-01,LOW_FEE_5_OR_LESS
"Товары для красоты / Косметика, парфюмерия и уход / Уход за телом / Депиляция и эпиляция / Средства до и после депиляции / Средства против вросших волос",Средства против вросших волос,"DBS=12%, EXPRESS=5%, FBS=12%, FBY=5%",4,,,5.0,12.0,7.0,20260426_141844_marketplace-services-rates-01-04-2026.xlsx,2026-04-01,LOW_FEE_5_OR_LESS
"Товары для красоты / Косметика, парфюмерия и уход / Мужчинам / Для бороды и усов / Стайлинг для бороды",Стайлинг для бороды,"DBS=12%, EXPRESS=5%, FBS=12%, FBY=5%",4,,,5.0,12.0,7.0,20260426_141844_marketplace-services-rates-01-04-2026.xlsx,2026-04-01,LOW_FEE_5_OR_LESS
"Товары для красоты / Косметика, парфюмерия и уход / Уход за ногтями / Инструменты для маникюра и педикюра / Станки педикюрные",Станки педикюрные,"DBS=12%, EXPRESS=5%, FBS=12%, FBY=5%",4,,,5.0,12.0,7.0,20260426_141844_marketplace-services-rates-01-04-2026.xlsx,2026-04-01,LOW_FEE_5_OR_LESS
"Товары для красоты / Косметика, парфюмерия и уход / Уход за ногтями / Дизайн ногтей / Стемпинг",Стемпинг,"DBS=12%, EXPRESS=5%, FBS=12%, FBY=5%",4,,,5.0,12.0,7.0,20260426_141844_marketplace-services-rates-01-04-2026.xlsx,2026-04-01,LOW_FEE_5_OR_LESS
"Товары для красоты / Косметика, парфюмерия и уход / Ароматерапия / Аксессуары / Стенды под благовония",Стенды под благовония,"DBS=12%, EXPRESS=5%, FBS=12%, FBY=5%",4,,,5.0,12.0,7.0,20260426_141844_marketplace-services-rates-01-04-2026.xlsx,2026-04-01,LOW_FEE_5_OR_LESS
"Товары для красоты / Косметика, парфюмерия и уход / Уход за волосами / Резинки, ободки, повязки / Стразы для волос",Стразы для волос,"DBS=12%, EXPRESS=5%, FBS=12%, FBY=5%",4,,,5.0,12.0,7.0,20260426_141844_marketplace-services-rates-01-04-2026.xlsx,2026-04-01,LOW_FEE_5_OR_LESS
"Товары для красоты / Косметика, парфюмерия и уход / Макияж / Аксессуары / Мелочи для макияжа / Стразы для лица",Стразы для лица,"DBS=12%, EXPRESS=5%, FBS=12%, FBY=5%",4,,,5.0,12.0,7.0,20260426_141844_marketplace-services-rates-01-04-2026.xlsx,2026-04-01,LOW_FEE_5_OR_LESS
Продукты / Замороженные продукты / Мясо и птица замороженные / Субпродукты,Субпродукты,"DBS=5%, EXPRESS=21.5%, FBS=28.5%, FBY=21.5%",4,,,5.0,28.5,23.5,20260426_141844_marketplace-services-rates-01-04-2026.xlsx,2026-04-01,"LOW_FEE_5_OR_LESS, LARGE_SPREAD_20_OR_MORE"
Продукты / Мясная гастрономия / Птица и полуфабрикаты / Субпродукты из птицы,Субпродукты из птицы,"DBS=5%, EXPRESS=21.5%, FBS=28.5%, FBY=21.5%",4,,,5.0,28.5,23.5,20260426_141844_marketplace-services-rates-01-04-2026.xlsx,2026-04-01,"LOW_FEE_5_OR_LESS, LARGE_SPREAD_20_OR_MORE"
Продукты / Мясная гастрономия / Птица и полуфабрикаты / Субпродукты из птицы / Субпродукты из птицы охлаждённые,Субпродукты из птицы охлаждённые,"DBS=5%, EXPRESS=21.5%, FBS=28.5%, FBY=21.5%",4,,,5.0,28.5,23.5,20260426_141844_marketplace-services-rates-01-04-2026.xlsx,2026-04-01,"LOW_FEE_5_OR_LESS, LARGE_SPREAD_20_OR_MORE"
Продукты / Мясная гастрономия / Мясо и полуфабрикаты / Субпродукты мясные / Субпродукты мясные охлаждённые,Субпродукты мясные охлаждённые,"DBS=5%, EXPRESS=18.5%, FBS=25.5%, FBY=18.5%",4,,,5.0,25.5,20.5,20260426_141844_marketplace-services-rates-01-04-2026.xlsx,2026-04-01,"LOW_FEE_5_OR_LESS, LARGE_SPREAD_20_OR_MORE"
"Продукты / Кулинария / Супы, бульоны / Супы готовые охлажденные",Супы готовые охлажденные,"DBS=5%, EXPRESS=18.5%, FBS=25.5%, FBY=18.5%",4,,,5.0,25.5,20.5,20260426_141844_marketplace-services-rates-01-04-2026.xlsx,2026-04-01,"LOW_FEE_5_OR_LESS, LARGE_SPREAD_20_OR_MORE"
"Продукты / Кулинария / Супы, бульоны","Супы, бульоны","DBS=5%, EXPRESS=21.5%, FBS=28.5%, FBY=21.5%",4,,,5.0,28.5,23.5,20260426_141844_marketplace-services-rates-01-04-2026.xlsx,2026-04-01,"LOW_FEE_5_OR_LESS, LARGE_SPREAD_20_OR_MORE"
"Товары для красоты / Косметика, парфюмерия и уход / Макияж / Для глаз / Карандаши и подводки для глаз / Сурьма",Сурьма,"DBS=12%, EXPRESS=5%, FBS=12%, FBY=5%",4,,,5.0,12.0,7.0,20260426_141844_marketplace-services-rates-01-04-2026.xlsx,2026-04-01,LOW_FEE_5_OR_LESS
"Продукты / Кондитерские изделия / Мучные кондитерские изделия / Сухари, баранки, сушки / Сухари сладкие",Сухари сладкие,"DBS=5%, EXPRESS=22%, FBS=29%, FBY=22%",4,,,5.0,29.0,24.0,20260426_141844_marketplace-services-rates-01-04-2026.xlsx,2026-04-01,"LOW_FEE_5_OR_LESS, LARGE_SPREAD_20_OR_MORE"
"Товары для красоты / Косметика, парфюмерия и уход / Уход за волосами / Сухие шампуни",Сухие шампуни,"DBS=12%, EXPRESS=5%, FBS=12%, FBY=5%",4,,,5.0,12.0,7.0,20260426_141844_marketplace-services-rates-01-04-2026.xlsx,2026-04-01,LOW_FEE_5_OR_LESS
"Товары для красоты / Косметика, парфюмерия и уход / Уход за волосами / Сухие шампуни / Сухие шампуни",Сухие шампуни,"DBS=12%, EXPRESS=5%, FBS=12%, FBY=5%",4,,,5.0,12.0,7.0,20260426_141844_marketplace-services-rates-01-04-2026.xlsx,2026-04-01,LOW_FEE_5_OR_LESS
"Продукты / Кулинария / Суши, роллы / Суши",Суши,"DBS=5%, EXPRESS=23.5%, FBS=30.5%, FBY=23.5%",4,,,5.0,30.5,25.5,20260426_141844_marketplace-services-rates-01-04-2026.xlsx,2026-04-01,"LOW_FEE_5_OR_LESS, LARGE_SPREAD_20_OR_MORE"
"Продукты / Кулинария / Суши, роллы","Суши, роллы","DBS=5%, EXPRESS=23.5%, FBS=30.5%, FBY=23.5%",4,,,5.0,30.5,25.5,20260426_141844_marketplace-services-rates-01-04-2026.xlsx,2026-04-01,"LOW_FEE_5_OR_LESS, LARGE_SPREAD_20_OR_MORE"
"Продукты / Молочная гастрономия / Питьевые йогурты, молочные коктейли / Сывороточные напитки",Сывороточные напитки,"DBS=5%, EXPRESS=24%, FBS=31%, FBY=24%",4,,,5.0,31.0,26.0,20260426_141844_marketplace-services-rates-01-04-2026.xlsx,2026-04-01,"LOW_FEE_5_OR_LESS, LARGE_SPREAD_20_OR_MORE"
Продукты / Молочная гастрономия / Сыр,Сыр,"DBS=5%, EXPRESS=23.5%, FBS=30.5%, FBY=23.5%",4,,,5.0,30.5,25.5,20260426_141844_marketplace-services-rates-01-04-2026.xlsx,2026-04-01,"LOW_FEE_5_OR_LESS, LARGE_SPREAD_20_OR_MORE"
"Продукты / Молочная гастрономия / Молочные снеки, сырки / Сырки творожные",Сырки творожные,"DBS=5%, EXPRESS=21.5%, FBS=28.5%, FBY=21.5%",4,,,5.0,28.5,23.5,20260426_141844_marketplace-services-rates-01-04-2026.xlsx,2026-04-01,"LOW_FEE_5_OR_LESS, LARGE_SPREAD_20_OR_MORE"
Продукты / Замороженные продукты / Замороженные блюда и полуфабрикаты / Готовые завтраки замороженные / Сырники замороженные,Сырники замороженные,"DBS=5%, EXPRESS=23.5%, FBS=30.5%, FBY=23.5%",4,,,5.0,30.5,25.5,20260426_141844_marketplace-services-rates-01-04-2026.xlsx,2026-04-01,"LOW_FEE_5_OR_LESS, LARGE_SPREAD_20_OR_MORE"
Продукты / Молочная гастрономия / Сыр / Сырные продукты,Сырные продукты,"DBS=5%, EXPRESS=23.5%, FBS=30.5%, FBY=23.5%",4,,,5.0,30.5,25.5,20260426_141844_marketplace-services-rates-01-04-2026.xlsx,2026-04-01,"LOW_FEE_5_OR_LESS, LARGE_SPREAD_20_OR_MORE"
Продукты / Молочная гастрономия / Сыр / Сыры,Сыры,"DBS=5%, EXPRESS=21.5%, FBS=28.5%, FBY=21.5%",4,,,5.0,28.5,23.5,20260426_141844_marketplace-services-rates-01-04-2026.xlsx,2026-04-01,"LOW_FEE_5_OR_LESS, LARGE_SPREAD_20_OR_MORE"
"Продукты / Кулинария / Сэндвичи, бургеры / Сэндвичи",Сэндвичи,"DBS=5%, EXPRESS=23.5%, FBS=30.5%, FBY=23.5%",4,,,5.0,30.5,25.5,20260426_141844_marketplace-services-rates-01-04-2026.xlsx,2026-04-01,"LOW_FEE_5_OR_LESS, LARGE_SPREAD_20_OR_MORE"
"Продукты / Кулинария / Сэндвичи, бургеры","Сэндвичи, бургеры","DBS=5%, EXPRESS=23.5%, FBS=30.5%, FBY=23.5%",4,,,5.0,30.5,25.5,20260426_141844_marketplace-services-rates-01-04-2026.xlsx,2026-04-01,"LOW_FEE_5_OR_LESS, LARGE_SPREAD_20_OR_MORE"
Товары для красоты / Средства и предметы гигиены / Прокладки и тампоны / Тампоны женские,Тампоны женские,"DBS=12%, EXPRESS=5%, FBS=12%, FBY=5%",4,,,5.0,12.0,7.0,20260426_141844_marketplace-services-rates-01-04-2026.xlsx,2026-04-01,LOW_FEE_5_OR_LESS
"Товары для красоты / Косметика, парфюмерия и уход / Уход за волосами / Сухие шампуни / Твердые шампуни",Твердые шампуни,"DBS=12%, EXPRESS=5%, FBS=12%, FBY=5%",4,,,5.0,12.0,7.0,20260426_141844_marketplace-services-rates-01-04-2026.xlsx,2026-04-01,LOW_FEE_5_OR_LESS
"Товары для красоты / Косметика, парфюмерия и уход / Уход за ногтями / Инструменты для маникюра и педикюра / Твизеры для кутикулы",Твизеры для кутикулы,"DBS=12%, EXPRESS=5%, FBS=12%, FBY=5%",4,,,5.0,12.0,7.0,20260426_141844_marketplace-services-rates-01-04-2026.xlsx,2026-04-01,LOW_FEE_5_OR_LESS
Продукты / Молочная гастрономия / Творог,Творог,"DBS=5%, EXPRESS=21.5%, FBS=28.5%, FBY=21.5%",4,,,5.0,28.5,23.5,20260426_141844_marketplace-services-rates-01-04-2026.xlsx,2026-04-01,"LOW_FEE_5_OR_LESS, LARGE_SPREAD_20_OR_MORE"
Продукты / Молочная гастрономия / Творог / Творог,Творог,"DBS=5%, EXPRESS=21.5%, FBS=28.5%, FBY=21.5%",4,,,5.0,28.5,23.5,20260426_141844_marketplace-services-rates-01-04-2026.xlsx,2026-04-01,"LOW_FEE_5_OR_LESS, LARGE_SPREAD_20_OR_MORE"
"Продукты / Молочная гастрономия / Густые йогурты, творожки / Творожки",Творожки,"DBS=5%, EXPRESS=8%, FBS=8%, FBY=8%",4,,,5.0,8.0,3.0,20260426_141844_marketplace-services-rates-01-04-2026.xlsx,2026-04-01,LOW_FEE_5_OR_LESS
"Продукты / Молочная гастрономия / Молочные снеки, сырки / Творожные запеканки",Творожные запеканки,"DBS=5%, EXPRESS=23.5%, FBS=30.5%, FBY=23.5%",4,,,5.0,30.5,25.5,20260426_141844_marketplace-services-rates-01-04-2026.xlsx,2026-04-01,"LOW_FEE_5_OR_LESS, LARGE_SPREAD_20_OR_MORE"
Продукты / Молочная гастрономия / Творог / Творожные массы,Творожные массы,"DBS=5%, EXPRESS=21.5%, FBS=28.5%, FBY=21.5%",4,,,5.0,28.5,23.5,20260426_141844_marketplace-services-rates-01-04-2026.xlsx,2026-04-01,"LOW_FEE_5_OR_LESS, LARGE_SPREAD_20_OR_MORE"
Продукты / Молочная гастрономия / Творог / Творожные продукты,Творожные продукты,"DBS=5%, EXPRESS=21.5%, FBS=28.5%, FBY=21.5%",4,,,5.0,28.5,23.5,20260426_141844_marketplace-services-rates-01-04-2026.xlsx,2026-04-01,"LOW_FEE_5_OR_LESS, LARGE_SPREAD_20_OR_MORE"
"Товары для красоты / Косметика, парфюмерия и уход / Уход за лицом / Аксессуары / Тейпы косметические для лица",Тейпы косметические для лица,"DBS=12%, EXPRESS=5%, FBS=12%, FBY=5%",4,,,5.0,12.0,7.0,20260426_141844_marketplace-services-rates-01-04-2026.xlsx,2026-04-01,LOW_FEE_5_OR_LESS
"Товары для красоты / Косметика, парфюмерия и уход / Макияж / Для глаз / Тени",Тени,"DBS=12%, EXPRESS=5%, FBS=12%, FBY=5%",4,,,5.0,12.0,7.0,20260426_141844_marketplace-services-rates-01-04-2026.xlsx,2026-04-01,LOW_FEE_5_OR_LESS
"Товары для красоты / Косметика, парфюмерия и уход / Макияж / Для бровей / Тени для бровей",Тени для бровей,"DBS=12%, EXPRESS=5%, FBS=12%, FBY=5%",4,,,5.0,12.0,7.0,20260426_141844_marketplace-services-rates-01-04-2026.xlsx,2026-04-01,LOW_FEE_5_OR_LESS
"Товары для красоты / Косметика, парфюмерия и уход / Уход за волосами / Расчески и щетки / Термобрашинги",Термобрашинги,"DBS=12%, EXPRESS=5%, FBS=12%, FBY=5%",4,,,5.0,12.0,7.0,20260426_141844_marketplace-services-rates-01-04-2026.xlsx,2026-04-01,LOW_FEE_5_OR_LESS
"Товары для красоты / Косметика, парфюмерия и уход / Уход за волосами / Химическая завивка и выпрямление / Термобумага для волос",Термобумага для волос,"DBS=12%, EXPRESS=5%, FBS=12%, FBY=5%",4,,,5.0,12.0,7.0,20260426_141844_marketplace-services-rates-01-04-2026.xlsx,2026-04-01,LOW_FEE_5_OR_LESS
"Продукты / Замороженные продукты / Замороженные блюда и полуфабрикаты / Тесто, основа для пиццы / Тесто замороженное",Тесто замороженное,"DBS=5%, EXPRESS=23.5%, FBS=30.5%, FBY=23.5%",4,,,5.0,30.5,25.5,20260426_141844_marketplace-services-rates-01-04-2026.xlsx,2026-04-01,"LOW_FEE_5_OR_LESS, LARGE_SPREAD_20_OR_MORE"
"Продукты / Кулинария / Пицца, тесто, охлажденные мучные полуфабрикаты / Тесто охлажденное",Тесто охлажденное,"DBS=5%, EXPRESS=21.5%, FBS=28.5%, FBY=21.5%",4,,,5.0,28.5,23.5,20260426_141844_marketplace-services-rates-01-04-2026.xlsx,2026-04-01,"LOW_FEE_5_OR_LESS, LARGE_SPREAD_20_OR_MORE"
"Продукты / Замороженные продукты / Замороженные блюда и полуфабрикаты / Тесто, основа для пиццы","Тесто, основа для пиццы","DBS=5%, EXPRESS=23.5%, FBS=30.5%, FBY=23.5%",4,,,5.0,30.5,25.5,20260426_141844_marketplace-services-rates-01-04-2026.xlsx,2026-04-01,"LOW_FEE_5_OR_LESS, LARGE_SPREAD_20_OR_MORE"
Товары для красоты / Техника для красоты,Техника для красоты,"DBS=12%, EXPRESS=5%, FBS=12%, FBY=5%",4,,,5.0,12.0,7.0,20260426_141844_marketplace-services-rates-01-04-2026.xlsx,2026-04-01,LOW_FEE_5_OR_LESS
"Товары для красоты / Косметика, парфюмерия и уход / Уход за волосами / Резинки, ободки, повязки / Тики на голову",Тики на голову,"DBS=12%, EXPRESS=5%, FBS=12%, FBY=5%",4,,,5.0,12.0,7.0,20260426_141844_marketplace-services-rates-01-04-2026.xlsx,2026-04-01,LOW_FEE_5_OR_LESS
"Товары для красоты / Косметика, парфюмерия и уход / Макияж / Для бровей / Карандаши для бровей / Тинты для бровей",Тинты для бровей,"DBS=12%, EXPRESS=5%, FBS=12%, FBY=5%",4,,,5.0,12.0,7.0,20260426_141844_marketplace-services-rates-01-04-2026.xlsx,2026-04-01,LOW_FEE_5_OR_LESS
"Товары для красоты / Косметика, парфюмерия и уход / Макияж / Для губ / Блески и тинты / Тинты для губ",Тинты для губ,"DBS=12%, EXPRESS=5%, FBS=12%, FBY=5%",4,,,5.0,12.0,7.0,20260426_141844_marketplace-services-rates-01-04-2026.xlsx,2026-04-01,LOW_FEE_5_OR_LESS
"Товары для красоты / Косметика, парфюмерия и уход / Уход за ногтями / Инструменты для маникюра и педикюра / Типсорезы",Типсорезы,"DBS=12%, EXPRESS=5%, FBS=12%, FBY=5%",4,,,5.0,12.0,7.0,20260426_141844_marketplace-services-rates-01-04-2026.xlsx,2026-04-01,LOW_FEE_5_OR_LESS
"Товары для красоты / Косметика, парфюмерия и уход / Уход за ногтями / Наращивание ногтей / Накладные ногти, типсы / Типсы для наращивания ногтей",Типсы для наращивания ногтей,"DBS=12%, EXPRESS=5%, FBS=12%, FBY=5%",4,,,5.0,12.0,7.0,20260426_141844_marketplace-services-rates-01-04-2026.xlsx,2026-04-01,LOW_FEE_5_OR_LESS
Товары для красоты,Товары для красоты,"DBS=12%, EXPRESS=5%, FBS=12%, FBY=5%",4,,,5.0,12.0,7.0,20260426_141844_marketplace-services-rates-01-04-2026.xlsx,2026-04-01,LOW_FEE_5_OR_LESS
"Товары для красоты / Косметика, парфюмерия и уход / Макияж / Для лица / Тональные средства",Тональные средства,"DBS=12%, EXPRESS=5%, FBS=12%, FBY=5%",4,,,5.0,12.0,7.0,20260426_141844_marketplace-services-rates-01-04-2026.xlsx,2026-04-01,LOW_FEE_5_OR_LESS
"Товары для красоты / Косметика, парфюмерия и уход / Уход за волосами / Окрашивание / Оттеночные средства / Тонирующие средства для волос",Тонирующие средства для волос,"DBS=12%, EXPRESS=5%, FBS=12%, FBY=5%",4,,,5.0,12.0,7.0,20260426_141844_marketplace-services-rates-01-04-2026.xlsx,2026-04-01,LOW_FEE_5_OR_LESS
Продукты / Молочная гастрономия / Масло и маргарин / Топлёное масло,Топлёное масло,"DBS=5%, EXPRESS=23%, FBS=30%, FBY=23%",4,,,5.0,30.0,25.0,20260426_141844_marketplace-services-rates-01-04-2026.xlsx,2026-04-01,"LOW_FEE_5_OR_LESS, LARGE_SPREAD_20_OR_MORE"
Продукты / Мясная гастрономия / Мясо и полуфабрикаты / Субпродукты мясные / Топлёный жир мясной,Топлёный жир мясной,"DBS=5%, EXPRESS=18.5%, FBS=25.5%, FBY=18.5%",4,,,5.0,25.5,20.5,20260426_141844_marketplace-services-rates-01-04-2026.xlsx,2026-04-01,"LOW_FEE_5_OR_LESS, LARGE_SPREAD_20_OR_MORE"
Продукты / Мясная гастрономия / Птица и полуфабрикаты / Субпродукты из птицы / Топлёный жир птицы,Топлёный жир птицы,"DBS=5%, EXPRESS=21.5%, FBS=28.5%, FBY=21.5%",4,,,5.0,28.5,23.5,20260426_141844_marketplace-services-rates-01-04-2026.xlsx,2026-04-01,"LOW_FEE_5_OR_LESS, LARGE_SPREAD_20_OR_MORE"
"Товары для красоты / Косметика, парфюмерия и уход / Уход за ногтями / Базы и топы / Топы для ногтей",Топы для ногтей,"DBS=12%, EXPRESS=5%, FBS=12%, FBY=5%",4,,,5.0,12.0,7.0,20260426_141844_marketplace-services-rates-01-04-2026.xlsx,2026-04-01,LOW_FEE_5_OR_LESS
"Товары для красоты / Косметика, парфюмерия и уход / Уход за ногтями / Базы и топы / Топы и базы 2 в 1",Топы и базы 2 в 1,"DBS=12%, EXPRESS=5%, FBS=12%, FBY=5%",4,,,5.0,12.0,7.0,20260426_141844_marketplace-services-rates-01-04-2026.xlsx,2026-04-01,LOW_FEE_5_OR_LESS
"Товары для красоты / Косметика, парфюмерия и уход / Мужчинам / Расчески и щетки для бороды и усов / Трафареты для бороды и усов",Трафареты для бороды и усов,"DBS=12%, EXPRESS=5%, FBS=12%, FBY=5%",4,,,5.0,12.0,7.0,20260426_141844_marketplace-services-rates-01-04-2026.xlsx,2026-04-01,LOW_FEE_5_OR_LESS
"Товары для красоты / Косметика, парфюмерия и уход / Уход за лицом / Аксессуары / Тренажеры для подбородка",Тренажеры для подбородка,"DBS=12%, EXPRESS=5%, FBS=12%, FBY=5%",4,,,5.0,12.0,7.0,20260426_141844_marketplace-services-rates-01-04-2026.xlsx,2026-04-01,LOW_FEE_5_OR_LESS
"Товары для красоты / Косметика, парфюмерия и уход / Уход за ногтями / Аксессуары для маникюра и педикюра / Тренировочные модели для маникюра",Тренировочные модели для маникюра,"DBS=12%, EXPRESS=5%, FBS=12%, FBY=5%",4,,,5.0,12.0,7.0,20260426_141844_marketplace-services-rates-01-04-2026.xlsx,2026-04-01,LOW_FEE_5_OR_LESS
"Товары для красоты / Косметика, парфюмерия и уход / Макияж / Аксессуары / Пинцеты косметические / Триммеры для бровей",Триммеры для бровей,"DBS=12%, EXPRESS=5%, FBS=12%, FBY=5%",4,,,5.0,12.0,7.0,20260426_141844_marketplace-services-rates-01-04-2026.xlsx,2026-04-01,LOW_FEE_5_OR_LESS
"Товары для красоты / Косметика, парфюмерия и уход / Уход за ногтями / Наращивание ногтей / Накладные ногти, типсы / Трубочки для моделирования арки",Трубочки для моделирования арки,"DBS=12%, EXPRESS=5%, FBS=12%, FBY=5%",4,,,5.0,12.0,7.0,20260426_141844_marketplace-services-rates-01-04-2026.xlsx,2026-04-01,LOW_FEE_5_OR_LESS
Товары для красоты / Средства и предметы гигиены / Прокладки и тампоны / Трусы менструальные,Трусы менструальные,"DBS=12%, EXPRESS=5%, FBS=12%, FBY=5%",4,,,5.0,12.0,7.0,20260426_141844_marketplace-services-rates-01-04-2026.xlsx,2026-04-01,LOW_FEE_5_OR_LESS
Товары для красоты / Средства и предметы гигиены / Туалетная бумага и полотенца / Туалетная бумага,Туалетная бумага,"DBS=12%, EXPRESS=5%, FBS=12%, FBY=5%",4,,,5.0,12.0,7.0,20260426_141844_marketplace-services-rates-01-04-2026.xlsx,2026-04-01,LOW_FEE_5_OR_LESS
Товары для красоты / Средства и предметы гигиены / Туалетная бумага и полотенца / Туалетная бумага влажная,Туалетная бумага влажная,"DBS=12%, EXPRESS=5%, FBS=12%, FBY=5%",4,,,5.0,12.0,7.0,20260426_141844_marketplace-services-rates-01-04-2026.xlsx,2026-04-01,LOW_FEE_5_OR_LESS
Товары для красоты / Средства и предметы гигиены / Туалетная бумага и полотенца,Туалетная бумага и полотенца,"DBS=12%, EXPRESS=5%, FBS=12%, FBY=5%",4,,,5.0,12.0,7.0,20260426_141844_marketplace-services-rates-01-04-2026.xlsx,2026-04-01,LOW_FEE_5_OR_LESS
"Товары для красоты / Косметика, парфюмерия и уход / Макияж / Для глаз / Тушь",Тушь,"DBS=12%, EXPRESS=5%, FBS=12%, FBY=5%",4,,,5.0,12.0,7.0,20260426_141844_marketplace-services-rates-01-04-2026.xlsx,2026-04-01,LOW_FEE_5_OR_LESS
"Товары для красоты / Косметика, парфюмерия и уход / Уход за волосами / Окрашивание / Оттеночные средства / Тушь для волос",Тушь для волос,"DBS=12%, EXPRESS=5%, FBS=12%, FBY=5%",4,,,5.0,12.0,7.0,20260426_141844_marketplace-services-rates-01-04-2026.xlsx,2026-04-01,LOW_FEE_5_OR_LESS
"Товары для красоты / Косметика, парфюмерия и уход / Макияж / Для бровей / Тушь и гель для бровей",Тушь и гель для бровей,"DBS=12%, EXPRESS=5%, FBS=12%, FBY=5%",4,,,5.0,12.0,7.0,20260426_141844_marketplace-services-rates-01-04-2026.xlsx,2026-04-01,LOW_FEE_5_OR_LESS
"Товары для красоты / Косметика, парфюмерия и уход / Уход за ногтями / Удаление кутикулы",Удаление кутикулы,"DBS=12%, EXPRESS=5%, FBS=12%, FBY=5%",4,,,5.0,12.0,7.0,20260426_141844_marketplace-services-rates-01-04-2026.xlsx,2026-04-01,LOW_FEE_5_OR_LESS
"Товары для красоты / Косметика, парфюмерия и уход / Уход за волосами / Бальзамы и кондиционеры / Уксус для волос",Уксус для волос,"DBS=12%, EXPRESS=5%, FBS=12%, FBY=5%",4,,,5.0,12.0,7.0,20260426_141844_marketplace-services-rates-01-04-2026.xlsx,2026-04-01,LOW_FEE_5_OR_LESS
"Товары для красоты / Косметика, парфюмерия и уход / Уход за волосами",Уход за волосами,"DBS=12%, EXPRESS=5%, FBS=12%, FBY=5%",4,,,5.0,12.0,7.0,20260426_141844_marketplace-services-rates-01-04-2026.xlsx,2026-04-01,LOW_FEE_5_OR_LESS
"Товары для красоты / Косметика, парфюмерия и уход / Уход за лицом / Уход за кожей вокруг глаз",Уход за кожей вокруг глаз,"DBS=12%, EXPRESS=5%, FBS=12%, FBY=5%",4,,,5.0,12.0,7.0,20260426_141844_marketplace-services-rates-01-04-2026.xlsx,2026-04-01,LOW_FEE_5_OR_LESS
"Товары для красоты / Косметика, парфюмерия и уход / Уход за лицом / Уход за кожей губ",Уход за кожей губ,"DBS=12%, EXPRESS=5%, FBS=12%, FBY=5%",4,,,5.0,12.0,7.0,20260426_141844_marketplace-services-rates-01-04-2026.xlsx,2026-04-01,LOW_FEE_5_OR_LESS
"Товары для красоты / Косметика, парфюмерия и уход / Мужчинам / Уход за лицом",Уход за лицом,"DBS=12%, EXPRESS=5%, FBS=12%, FBY=5%",4,,,5.0,12.0,7.0,20260426_141844_marketplace-services-rates-01-04-2026.xlsx,2026-04-01,LOW_FEE_5_OR_LESS
"Товары для красоты / Косметика, парфюмерия и уход / Уход за лицом",Уход за лицом,"DBS=12%, EXPRESS=5%, FBS=12%, FBY=5%",4,,,5.0,12.0,7.0,20260426_141844_marketplace-services-rates-01-04-2026.xlsx,2026-04-01,LOW_FEE_5_OR_LESS
"Товары для красоты / Косметика, парфюмерия и уход / Уход за телом / Уход за ногами",Уход за ногами,"DBS=12%, EXPRESS=5%, FBS=12%, FBY=5%",4,,,5.0,12.0,7.0,20260426_141844_marketplace-services-rates-01-04-2026.xlsx,2026-04-01,LOW_FEE_5_OR_LESS
"Товары для красоты / Косметика, парфюмерия и уход / Уход за ногтями",Уход за ногтями,"DBS=12%, EXPRESS=5%, FBS=12%, FBY=5%",4,,,5.0,12.0,7.0,20260426_141844_marketplace-services-rates-01-04-2026.xlsx,2026-04-01,LOW_FEE_5_OR_LESS
"Товары для красоты / Косметика, парфюмерия и уход / Уход за телом / Уход за руками",Уход за руками,"DBS=12%, EXPRESS=5%, FBS=12%, FBY=5%",4,,,5.0,12.0,7.0,20260426_141844_marketplace-services-rates-01-04-2026.xlsx,2026-04-01,LOW_FEE_5_OR_LESS
"Товары для красоты / Косметика, парфюмерия и уход / Уход за телом",Уход за телом,"DBS=12%, EXPRESS=5%, FBS=12%, FBY=5%",4,,,5.0,12.0,7.0,20260426_141844_marketplace-services-rates-01-04-2026.xlsx,2026-04-01,LOW_FEE_5_OR_LESS
Продукты / Мясная гастрономия / Фарш,Фарш,"DBS=5%, EXPRESS=21.5%, FBS=28.5%, FBY=21.5%",4,,,5.0,28.5,23.5,20260426_141844_marketplace-services-rates-01-04-2026.xlsx,2026-04-01,"LOW_FEE_5_OR_LESS, LARGE_SPREAD_20_OR_MORE"
"Товары для красоты / Косметика, парфюмерия и уход / Макияж / Для лица / Основа и фиксаторы для макияжа / Фиксаторы макияжа",Фиксаторы макияжа,"DBS=12%, EXPRESS=5%, FBS=12%, FBY=5%",4,,,5.0,12.0,7.0,20260426_141844_marketplace-services-rates-01-04-2026.xlsx,2026-04-01,LOW_FEE_5_OR_LESS
"Товары для красоты / Косметика, парфюмерия и уход / Ароматерапия / Аксессуары / Флаконы для аромамасел",Флаконы для аромамасел,"DBS=12%, EXPRESS=5%, FBS=12%, FBY=5%",4,,,5.0,12.0,7.0,20260426_141844_marketplace-services-rates-01-04-2026.xlsx,2026-04-01,LOW_FEE_5_OR_LESS
"Товары для красоты / Косметика, парфюмерия и уход / Уход за ногтями / Наращивание ногтей / Накладные ногти, типсы / Формы для наращивания ногтей",Формы для наращивания ногтей,"DBS=12%, EXPRESS=5%, FBS=12%, FBY=5%",4,,,5.0,12.0,7.0,20260426_141844_marketplace-services-rates-01-04-2026.xlsx,2026-04-01,LOW_FEE_5_OR_LESS
"Продукты / Замороженные продукты / Овощи, фрукты, грибы замороженные / Фрукты и ягоды / Фруктовые и ягодные смеси замороженные",Фруктовые и ягодные смеси замороженные,"DBS=5%, EXPRESS=21.5%, FBS=28.5%, FBY=21.5%",4,,,5.0,28.5,23.5,20260426_141844_marketplace-services-rates-01-04-2026.xlsx,2026-04-01,"LOW_FEE_5_OR_LESS, LARGE_SPREAD_20_OR_MORE"
"Продукты / Фрукты, овощи и грибы / Фрукты",Фрукты,"DBS=5%, EXPRESS=18.5%, FBS=25.5%, FBY=18.5%",4,,,5.0,25.5,20.5,20260426_141844_marketplace-services-rates-01-04-2026.xlsx,2026-04-01,"LOW_FEE_5_OR_LESS, LARGE_SPREAD_20_OR_MORE"
"Продукты / Замороженные продукты / Овощи, фрукты, грибы замороженные / Фрукты и ягоды / Фрукты замороженные",Фрукты замороженные,"DBS=5%, EXPRESS=23.5%, FBS=30.5%, FBY=23.5%",4,,,5.0,30.5,25.5,20260426_141844_marketplace-services-rates-01-04-2026.xlsx,2026-04-01,"LOW_FEE_5_OR_LESS, LARGE_SPREAD_20_OR_MORE"
"Продукты / Замороженные продукты / Овощи, фрукты, грибы замороженные / Фрукты и ягоды",Фрукты и ягоды,"DBS=5%, EXPRESS=23.5%, FBS=30.5%, FBY=23.5%",4,,,5.0,30.5,25.5,20260426_141844_marketplace-services-rates-01-04-2026.xlsx,2026-04-01,"LOW_FEE_5_OR_LESS, LARGE_SPREAD_20_OR_MORE"
"Продукты / Консервация / Фруктово-ягодная консервация / Варенье, протертые ягоды / Фрукты перетёртые консервированные",Фрукты перетёртые консервированные,"DBS=5%, EXPRESS=21.5%, FBS=28.5%, FBY=21.5%",4,,,5.0,28.5,23.5,20260426_141844_marketplace-services-rates-01-04-2026.xlsx,2026-04-01,"LOW_FEE_5_OR_LESS, LARGE_SPREAD_20_OR_MORE"
"Продукты / Фрукты, овощи и грибы / Фрукты / Фрукты свежие",Фрукты свежие,"DBS=5%, EXPRESS=18.5%, FBS=25.5%, FBY=18.5%",4,,,5.0,25.5,20.5,20260426_141844_marketplace-services-rates-01-04-2026.xlsx,2026-04-01,"LOW_FEE_5_OR_LESS, LARGE_SPREAD_20_OR_MORE"
Товары для красоты / Средства и предметы гигиены / Прокладки и тампоны / Футляры для гигиенических женских средств,Футляры для гигиенических женских средств,"DBS=12%, EXPRESS=5%, FBS=12%, FBY=5%",4,,,5.0,12.0,7.0,20260426_141844_marketplace-services-rates-01-04-2026.xlsx,2026-04-01,LOW_FEE_5_OR_LESS
Товары для красоты / Средства и предметы гигиены / Зубные щетки / Футляры для зубной щетки,Футляры для зубной щетки,"DBS=12%, EXPRESS=5%, FBS=12%, FBY=5%",4,,,5.0,12.0,7.0,20260426_141844_marketplace-services-rates-01-04-2026.xlsx,2026-04-01,LOW_FEE_5_OR_LESS
"Товары для красоты / Косметика, парфюмерия и уход / Уход за ногтями / Пилки / Футляры для пилки для ногтей",Футляры для пилки для ногтей,"DBS=12%, EXPRESS=5%, FBS=12%, FBY=5%",4,,,5.0,12.0,7.0,20260426_141844_marketplace-services-rates-01-04-2026.xlsx,2026-04-01,LOW_FEE_5_OR_LESS
"Товары для красоты / Косметика, парфюмерия и уход / Макияж / Для лица / Хайлайтеры и контуринг / Хайлайтеры",Хайлайтеры,"DBS=12%, EXPRESS=5%, FBS=12%, FBY=5%",4,,,5.0,12.0,7.0,20260426_141844_marketplace-services-rates-01-04-2026.xlsx,2026-04-01,LOW_FEE_5_OR_LESS
"Товары для красоты / Косметика, парфюмерия и уход / Макияж / Для лица / Хайлайтеры и контуринг",Хайлайтеры и контуринг,"DBS=12%, EXPRESS=5%, FBS=12%, FBY=5%",4,,,5.0,12.0,7.0,20260426_141844_marketplace-services-rates-01-04-2026.xlsx,2026-04-01,LOW_FEE_5_OR_LESS
"Товары для красоты / Косметика, парфюмерия и уход / Уход за волосами / Химическая завивка и выпрямление",Химическая завивка и выпрямление,"DBS=12%, EXPRESS=5%, FBS=12%, FBY=5%",4,,,5.0,12.0,7.0,20260426_141844_marketplace-services-rates-01-04-2026.xlsx,2026-04-01,LOW_FEE_5_OR_LESS
"Продукты / Замороженные продукты / Замороженные блюда и полуфабрикаты / Пельмени, манты, хинкали / Хинкали замороженные",Хинкали замороженные,"DBS=5%, EXPRESS=21.5%, FBS=28.5%, FBY=21.5%",4,,,5.0,28.5,23.5,20260426_141844_marketplace-services-rates-01-04-2026.xlsx,2026-04-01,"LOW_FEE_5_OR_LESS, LARGE_SPREAD_20_OR_MORE"
"Продукты / Хлеб и выпечка / Хлеб, лаваши / Хлеб",Хлеб,"DBS=5%, EXPRESS=22%, FBS=29%, FBY=22%",4,,,5.0,29.0,24.0,20260426_141844_marketplace-services-rates-01-04-2026.xlsx,2026-04-01,"LOW_FEE_5_OR_LESS, LARGE_SPREAD_20_OR_MORE"
Продукты / Замороженные продукты / Замороженные блюда и полуфабрикаты / Хлеб и выпечка / Хлеб замороженный,Хлеб замороженный,"DBS=5%, EXPRESS=21.5%, FBS=28.5%, FBY=21.5%",4,,,5.0,28.5,23.5,20260426_141844_marketplace-services-rates-01-04-2026.xlsx,2026-04-01,"LOW_FEE_5_OR_LESS, LARGE_SPREAD_20_OR_MORE"
Продукты / Замороженные продукты / Замороженные блюда и полуфабрикаты / Хлеб и выпечка,Хлеб и выпечка,"DBS=5%, EXPRESS=21.5%, FBS=28.5%, FBY=21.5%",4,,,5.0,28.5,23.5,20260426_141844_marketplace-services-rates-01-04-2026.xlsx,2026-04-01,"LOW_FEE_5_OR_LESS, LARGE_SPREAD_20_OR_MORE"
"Товары для красоты / Косметика, парфюмерия и уход / Макияж / Для бровей / Краска для бровей и ресниц / Хна для бровей",Хна для бровей,"DBS=12%, EXPRESS=5%, FBS=12%, FBY=5%",4,,,5.0,12.0,7.0,20260426_141844_marketplace-services-rates-01-04-2026.xlsx,2026-04-01,LOW_FEE_5_OR_LESS
"Товары для красоты / Косметика, парфюмерия и уход / Уход за волосами / Окрашивание / Оттеночные средства / Хна для волос",Хна для волос,"DBS=12%, EXPRESS=5%, FBS=12%, FBY=5%",4,,,5.0,12.0,7.0,20260426_141844_marketplace-services-rates-01-04-2026.xlsx,2026-04-01,LOW_FEE_5_OR_LESS
"Продукты / Мясная гастрономия / Колбасы и деликатесы / Паштеты, холодцы / Холодец",Холодец,"DBS=5%, EXPRESS=21.5%, FBS=28.5%, FBY=21.5%",4,,,5.0,28.5,23.5,20260426_141844_marketplace-services-rates-01-04-2026.xlsx,2026-04-01,"LOW_FEE_5_OR_LESS, LARGE_SPREAD_20_OR_MORE"
Продукты / Кулинария / Холодные блюда и закуски,Холодные блюда и закуски,"DBS=5%, EXPRESS=23.5%, FBS=30.5%, FBY=23.5%",4,,,5.0,30.5,25.5,20260426_141844_marketplace-services-rates-01-04-2026.xlsx,2026-04-01,"LOW_FEE_5_OR_LESS, LARGE_SPREAD_20_OR_MORE"
Продукты / Безалкогольные напитки / Холодный чай,Холодный чай,"DBS=5%, EXPRESS=20.5%, FBS=27.5%, FBY=20.5%",4,,,5.0,27.5,22.5,20260426_141844_marketplace-services-rates-01-04-2026.xlsx,2026-04-01,"LOW_FEE_5_OR_LESS, LARGE_SPREAD_20_OR_MORE"
"Продукты / Кулинария / Сэндвичи, бургеры / Хот-доги",Хот-доги,"DBS=5%, EXPRESS=20.5%, FBS=27.5%, FBY=20.5%",4,,,5.0,27.5,22.5,20260426_141844_marketplace-services-rates-01-04-2026.xlsx,2026-04-01,"LOW_FEE_5_OR_LESS, LARGE_SPREAD_20_OR_MORE"
Продукты / Все для выпечки / Дрожжи / Чайные грибы,Чайные грибы,"DBS=5%, EXPRESS=17.5%, FBS=24.5%, FBY=17.5%",4,,,5.0,24.5,19.5,20260426_141844_marketplace-services-rates-01-04-2026.xlsx,2026-04-01,LOW_FEE_5_OR_LESS
Товары для красоты / Средства и предметы гигиены / Презервативы / Чехлы для презервативов,Чехлы для презервативов,"DBS=12%, EXPRESS=5%, FBS=12%, FBY=5%",4,,,5.0,12.0,7.0,20260426_141844_marketplace-services-rates-01-04-2026.xlsx,2026-04-01,LOW_FEE_5_OR_LESS
"Товары для красоты / Косметика, парфюмерия и уход / Уход за волосами / Расчески и щетки / Чехлы для расчесок",Чехлы для расчесок,"DBS=12%, EXPRESS=5%, FBS=12%, FBY=5%",4,,,5.0,12.0,7.0,20260426_141844_marketplace-services-rates-01-04-2026.xlsx,2026-04-01,LOW_FEE_5_OR_LESS
"Товары для красоты / Косметика, парфюмерия и уход / Мужчинам / Расчески и щетки для бороды и усов / Чехлы для расчесок для бороды",Чехлы для расчесок для бороды,"DBS=12%, EXPRESS=5%, FBS=12%, FBY=5%",4,,,5.0,12.0,7.0,20260426_141844_marketplace-services-rates-01-04-2026.xlsx,2026-04-01,LOW_FEE_5_OR_LESS
"Товары для красоты / Косметика, парфюмерия и уход / Уход за волосами / Шампуни",Шампуни,"DBS=12%, EXPRESS=5%, FBS=12%, FBY=5%",4,,,5.0,12.0,7.0,20260426_141844_marketplace-services-rates-01-04-2026.xlsx,2026-04-01,LOW_FEE_5_OR_LESS
"Товары для красоты / Косметика, парфюмерия и уход / Уход за телом / Аксессуары / Шапочки для душа",Шапочки для душа,"DBS=12%, EXPRESS=5%, FBS=12%, FBY=5%",4,,,5.0,12.0,7.0,20260426_141844_marketplace-services-rates-01-04-2026.xlsx,2026-04-01,LOW_FEE_5_OR_LESS
"Товары для красоты / Косметика, парфюмерия и уход / Уход за лицом / Скрабы и пилинги / Шелковые коконы",Шелковые коконы,"DBS=12%, EXPRESS=5%, FBS=12%, FBY=5%",4,,,5.0,12.0,7.0,20260426_141844_marketplace-services-rates-01-04-2026.xlsx,2026-04-01,LOW_FEE_5_OR_LESS
"Товары для красоты / Косметика, парфюмерия и уход / Макияж / Для лица / Хайлайтеры и контуринг / Шиммеры для лица",Шиммеры для лица,"DBS=12%, EXPRESS=5%, FBS=12%, FBY=5%",4,,,5.0,12.0,7.0,20260426_141844_marketplace-services-rates-01-04-2026.xlsx,2026-04-01,LOW_FEE_5_OR_LESS
"Товары для красоты / Косметика, парфюмерия и уход / Уход за волосами / Парики и шиньоны / Шиньоны",Шиньоны,"DBS=12%, EXPRESS=5%, FBS=12%, FBY=5%",4,,,5.0,12.0,7.0,20260426_141844_marketplace-services-rates-01-04-2026.xlsx,2026-04-01,LOW_FEE_5_OR_LESS
"Товары для красоты / Косметика, парфюмерия и уход / Уход за телом / Депиляция и эпиляция / Восковая эпиляция / Шпатели косметические",Шпатели косметические,"DBS=12%, EXPRESS=5%, FBS=12%, FBY=5%",4,,,5.0,12.0,7.0,20260426_141844_marketplace-services-rates-01-04-2026.xlsx,2026-04-01,LOW_FEE_5_OR_LESS
"Продукты / Мясная гастрономия / Колбасы и деликатесы / Сосиски, сардельки, колбаски / Шпикачки",Шпикачки,"DBS=5%, EXPRESS=21.5%, FBS=28.5%, FBY=21.5%",4,,,5.0,28.5,23.5,20260426_141844_marketplace-services-rates-01-04-2026.xlsx,2026-04-01,"LOW_FEE_5_OR_LESS, LARGE_SPREAD_20_OR_MORE"
"Товары для красоты / Косметика, парфюмерия и уход / Уход за волосами / Заколки / Шпильки для волос",Шпильки для волос,"DBS=12%, EXPRESS=5%, FBS=12%, FBY=5%",4,,,5.0,12.0,7.0,20260426_141844_marketplace-services-rates-01-04-2026.xlsx,2026-04-01,LOW_FEE_5_OR_LESS
Товары для красоты / Средства и предметы гигиены / Интимные смазки / Шприцы для интимной смазки,Шприцы для интимной смазки,"DBS=12%, EXPRESS=5%, FBS=12%, FBY=5%",4,,,5.0,12.0,7.0,20260426_141844_marketplace-services-rates-01-04-2026.xlsx,2026-04-01,LOW_FEE_5_OR_LESS
"Товары для красоты / Косметика, парфюмерия и уход / Уход за телом / Депиляция и эпиляция / Шугаринг",Шугаринг,"DBS=12%, EXPRESS=5%, FBS=12%, FBY=5%",4,,,5.0,12.0,7.0,20260426_141844_marketplace-services-rates-01-04-2026.xlsx,2026-04-01,LOW_FEE_5_OR_LESS
"Товары для красоты / Косметика, парфюмерия и уход / Мужчинам / Расчески и щетки для бороды и усов / Щетки для бороды",Щетки для бороды,"DBS=12%, EXPRESS=5%, FBS=12%, FBY=5%",4,,,5.0,12.0,7.0,20260426_141844_marketplace-services-rates-01-04-2026.xlsx,2026-04-01,LOW_FEE_5_OR_LESS
"Товары для красоты / Косметика, парфюмерия и уход / Уход за волосами / Расчески и щетки / Щетки для волос",Щетки для волос,"DBS=12%, EXPRESS=5%, FBS=12%, FBY=5%",4,,,5.0,12.0,7.0,20260426_141844_marketplace-services-rates-01-04-2026.xlsx,2026-04-01,LOW_FEE_5_OR_LESS
"Товары для красоты / Косметика, парфюмерия и уход / Уход за телом / Мочалки и щетки / Щетки для тела",Щетки для тела,"DBS=12%, EXPRESS=5%, FBS=12%, FBY=5%",4,,,5.0,12.0,7.0,20260426_141844_marketplace-services-rates-01-04-2026.xlsx,2026-04-01,LOW_FEE_5_OR_LESS
"Товары для красоты / Косметика, парфюмерия и уход / Уход за волосами / Расчески и щетки / Щетки для чистки расчесок",Щетки для чистки расчесок,"DBS=12%, EXPRESS=5%, FBS=12%, FBY=5%",4,,,5.0,12.0,7.0,20260426_141844_marketplace-services-rates-01-04-2026.xlsx,2026-04-01,LOW_FEE_5_OR_LESS
"Товары для красоты / Косметика, парфюмерия и уход / Макияж / Аксессуары / Мелочи для макияжа / Щипцы для завивки ресниц",Щипцы для завивки ресниц,"DBS=12%, EXPRESS=5%, FBS=12%, FBY=5%",4,,,5.0,12.0,7.0,20260426_141844_marketplace-services-rates-01-04-2026.xlsx,2026-04-01,LOW_FEE_5_OR_LESS
"Товары для красоты / Косметика, парфюмерия и уход / Уход за ногтями / Аппараты для маникюра и педикюра / Электрические педикюрная пилка",Электрические педикюрная пилка,"DBS=12%, EXPRESS=5%, FBS=12%, FBY=5%",4,,,5.0,12.0,7.0,20260426_141844_marketplace-services-rates-01-04-2026.xlsx,2026-04-01,LOW_FEE_5_OR_LESS
"Товары для красоты / Косметика, парфюмерия и уход / Уход за ногтями / Аппараты для маникюра и педикюра / Электрические пилки для ногтей",Электрические пилки для ногтей,"DBS=12%, EXPRESS=5%, FBS=12%, FBY=5%",4,,,5.0,12.0,7.0,20260426_141844_marketplace-services-rates-01-04-2026.xlsx,2026-04-01,LOW_FEE_5_OR_LESS
"Товары для красоты / Косметика, парфюмерия и уход / Уход за волосами / Бигуди / Электробигуди",Электробигуди,"DBS=12%, EXPRESS=5%, FBS=12%, FBY=5%",4,,,5.0,12.0,7.0,20260426_141844_marketplace-services-rates-01-04-2026.xlsx,2026-04-01,LOW_FEE_5_OR_LESS
Продукты / Безалкогольные напитки / Энергетические напитки,Энергетические напитки,"DBS=5%, EXPRESS=18.5%, FBS=25.5%, FBY=18.5%",4,,,5.0,25.5,20.5,20260426_141844_marketplace-services-rates-01-04-2026.xlsx,2026-04-01,"LOW_FEE_5_OR_LESS, LARGE_SPREAD_20_OR_MORE"
"Товары для красоты / Косметика, парфюмерия и уход / Ароматерапия / Эфирные масла",Эфирные масла,"DBS=12%, EXPRESS=5%, FBS=12%, FBY=5%",4,,,5.0,12.0,7.0,20260426_141844_marketplace-services-rates-01-04-2026.xlsx,2026-04-01,LOW_FEE_5_OR_LESS
"Товары для красоты / Косметика, парфюмерия и уход / Ароматерапия / Эфирные масла / Эфирные масла",Эфирные масла,"DBS=12%, EXPRESS=5%, FBS=12%, FBY=5%",4,,,5.0,12.0,7.0,20260426_141844_marketplace-services-rates-01-04-2026.xlsx,2026-04-01,LOW_FEE_5_OR_LESS
"Продукты / Фрукты, овощи и грибы / Ягоды",Ягоды,"DBS=5%, EXPRESS=18.5%, FBS=25.5%, FBY=18.5%",4,,,5.0,25.5,20.5,20260426_141844_marketplace-services-rates-01-04-2026.xlsx,2026-04-01,"LOW_FEE_5_OR_LESS, LARGE_SPREAD_20_OR_MORE"
"Продукты / Замороженные продукты / Овощи, фрукты, грибы замороженные / Фрукты и ягоды / Ягоды замороженные",Ягоды замороженные,"DBS=5%, EXPRESS=23.5%, FBS=30.5%, FBY=23.5%",4,,,5.0,30.5,25.5,20260426_141844_marketplace-services-rates-01-04-2026.xlsx,2026-04-01,"LOW_FEE_5_OR_LESS, LARGE_SPREAD_20_OR_MORE"
"Продукты / Консервация / Фруктово-ягодная консервация / Варенье, протертые ягоды / Ягоды перетёртые консервированные",Ягоды перетёртые консервированные,"DBS=5%, EXPRESS=13%, FBS=20%, FBY=13%",4,,,5.0,20.0,15.0,20260426_141844_marketplace-services-rates-01-04-2026.xlsx,2026-04-01,LOW_FEE_5_OR_LESS
"Продукты / Фрукты, овощи и грибы / Ягоды / Ягоды свежие",Ягоды свежие,"DBS=5%, EXPRESS=18.5%, FBS=25.5%, FBY=18.5%",4,,,5.0,25.5,20.5,20260426_141844_marketplace-services-rates-01-04-2026.xlsx,2026-04-01,"LOW_FEE_5_OR_LESS, LARGE_SPREAD_20_OR_MORE"
"Продукты / Бакалейные товары / Орехи, семена, сухофрукты / Сухофрукты / Сухофрукты / Ягоды сушёные",Ягоды сушёные,"DBS=5%, EXPRESS=35%, FBS=42%, FBY=35%",4,,,5.0,42.0,37.0,20260426_141844_marketplace-services-rates-01-04-2026.xlsx,2026-04-01,"LOW_FEE_5_OR_LESS, HIGH_FEE_40_OR_MORE, LARGE_SPREAD_20_OR_MORE"
Продукты / Молочная гастрономия / Яйца,Яйца,"DBS=5%, EXPRESS=21.5%, FBS=28.5%, FBY=21.5%",4,,,5.0,28.5,23.5,20260426_141844_marketplace-services-rates-01-04-2026.xlsx,2026-04-01,"LOW_FEE_5_OR_LESS, LARGE_SPREAD_20_OR_MORE"
